ndex,version_id,flavor_text_id
1,1,1
1,2,1
1,3,2
1,4,3
1,5,4
1,6,5
1,7,6
1,8,6
1,9,6
1,10,7
1,11,1
1,12,8
1,13,8
1,14,8
1,15,3
1,16,4
1,17,8
1,18,8
2,1,9
2,2,9
2,3,10
2,4,11
2,5,12
2,6,13
2,7,14
2,8,14
2,9,15
2,10,16
2,11,9
2,12,17
2,13,17
2,14,17
2,15,18
2,16,12
2,17,19
2,18,19
3,1,20
3,2,20
3,3,21
3,4,22
3,5,23
3,6,24
3,7,25
3,8,25
3,9,26
3,10,27
3,11,28
3,12,29
3,13,29
3,14,29
3,15,30
3,16,31
3,17,29
3,18,29
4,1,32
4,2,32
4,3,33
4,4,34
4,5,35
4,6,36
4,7,37
4,8,37
4,9,38
4,10,39
4,11,40
4,12,41
4,13,41
4,14,41
4,15,34
4,16,42
4,17,41
4,18,41
5,1,43
5,2,43
5,3,44
5,4,45
5,5,46
5,6,47
5,7,48
5,8,48
5,9,49
5,10,50
5,11,51
5,12,52
5,13,52
5,14,52
5,15,53
5,16,46
5,17,54
5,18,54
6,1,55
6,2,55
6,3,56
6,4,57
6,5,58
6,6,59
6,7,60
6,8,60
6,9,61
6,10,62
6,11,63
6,12,64
6,13,64
6,14,64
6,15,65
6,16,66
6,17,67
6,18,67
7,1,68
7,2,68
7,3,69
7,4,70
7,5,71
7,6,72
7,7,73
7,8,73
7,9,74
7,10,75
7,11,76
7,12,77
7,13,77
7,14,77
7,15,78
7,16,71
7,17,77
7,18,77
8,1,79
8,2,79
8,3,80
8,4,81
8,5,82
8,6,83
8,7,84
8,8,84
8,9,85
8,10,86
8,11,87
8,12,88
8,13,88
8,14,88
8,15,89
8,16,90
8,17,88
8,18,88
9,1,91
9,2,91
9,3,92
9,4,93
9,5,94
9,6,95
9,7,96
9,8,96
9,9,97
9,10,98
9,11,99
9,12,100
9,13,100
9,14,100
9,15,101
9,16,102
9,17,100
9,18,100
10,1,103
10,2,103
10,3,104
10,4,105
10,5,106
10,6,107
10,7,108
10,8,108
10,9,109
10,10,110
10,11,103
10,12,111
10,13,111
10,14,111
10,15,112
10,16,106
10,17,111
10,18,111
11,1,113
11,2,113
11,3,114
11,4,115
11,5,116
11,6,117
11,7,118
11,8,118
11,9,119
11,10,120
11,11,113
11,12,121
11,13,121
11,14,121
11,15,122
11,16,123
11,17,121
11,18,121
12,1,124
12,2,124
12,3,125
12,4,126
12,5,127
12,6,128
12,7,129
12,8,129
12,9,130
12,10,131
12,11,132
12,12,133
12,13,133
12,14,133
12,15,126
12,16,134
12,17,133
12,18,133
13,1,135
13,2,135
13,3,136
13,4,137
13,5,138
13,6,139
13,7,140
13,8,140
13,9,141
13,10,142
13,11,143
13,12,144
13,13,144
13,14,144
13,15,137
13,16,138
13,17,144
13,18,144
14,1,145
14,2,145
14,3,146
14,4,147
14,5,148
14,6,149
14,7,150
14,8,150
14,9,151
14,10,152
14,11,153
14,12,154
14,13,154
14,14,154
14,15,147
14,16,155
14,17,154
14,18,154
15,1,156
15,2,156
15,3,157
15,4,158
15,5,159
15,6,160
15,7,161
15,8,161
15,9,162
15,10,163
15,11,164
15,12,165
15,13,165
15,14,165
15,15,166
15,16,159
15,17,165
15,18,165
16,1,167
16,2,167
16,3,168
16,4,169
16,5,170
16,6,171
16,7,172
16,8,172
16,9,173
16,10,174
16,11,167
16,12,175
16,13,175
16,14,175
16,15,176
16,16,177
16,17,175
16,18,175
17,1,178
17,2,178
17,3,179
17,4,180
17,5,181
17,6,182
17,7,183
17,8,183
17,9,184
17,10,185
17,11,178
17,12,186
17,13,186
17,14,186
17,15,187
17,16,188
17,17,186
17,18,186
18,1,189
18,2,189
18,3,190
18,4,191
18,5,192
18,6,193
18,7,194
18,8,194
18,9,195
18,10,196
18,11,189
18,12,197
18,13,197
18,14,197
18,15,191
18,16,192
18,17,198
18,18,198
19,1,199
19,2,199
19,3,200
19,4,201
19,5,202
19,6,203
19,7,204
19,8,204
19,9,205
19,10,206
19,11,199
19,12,207
19,13,207
19,14,207
19,15,201
19,16,208
19,17,207
19,18,207
20,1,209
20,2,209
20,3,210
20,4,211
20,5,212
20,6,213
20,7,214
20,8,214
20,9,215
20,10,216
20,11,217
20,12,218
20,13,218
20,14,218
20,15,219
20,16,220
20,17,218
20,18,218
21,1,221
21,2,221
21,3,222
21,4,223
21,5,224
21,6,225
21,7,226
21,8,226
21,9,227
21,10,228
21,11,221
21,12,229
21,13,229
21,14,229
21,15,223
21,16,224
21,17,229
21,18,229
22,1,230
22,2,230
22,3,231
22,4,232
22,5,233
22,6,234
22,7,235
22,8,235
22,9,236
22,10,237
22,11,230
22,12,238
22,13,239
22,14,238
22,15,232
22,16,233
22,17,238
22,18,238
23,1,240
23,2,240
23,3,241
23,4,242
23,5,243
23,6,244
23,7,245
23,8,245
23,9,246
23,10,247
23,11,248
23,12,249
23,13,249
23,14,249
23,15,250
23,16,243
23,17,249
23,18,249
24,1,251
24,2,251
24,3,252
24,4,253
24,5,254
24,6,255
24,7,256
24,8,256
24,9,257
24,10,258
24,11,251
24,12,259
24,13,259
24,14,259
24,15,253
24,16,260
24,17,259
24,18,259
25,1,261
25,2,261
25,3,262
25,4,263
25,5,264
25,6,265
25,7,266
25,8,267
25,9,268
25,10,269
25,11,270
25,12,271
25,13,272
25,14,273
25,15,274
25,16,275
25,17,276
25,18,276
26,1,277
26,2,277
26,3,278
26,4,279
26,5,280
26,6,281
26,7,282
26,8,283
26,9,284
26,10,285
26,11,286
26,12,287
26,13,288
26,14,289
26,15,290
26,16,280
26,17,289
26,18,289
27,1,291
27,2,291
27,3,292
27,4,293
27,5,294
27,6,295
27,7,296
27,8,297
27,9,298
27,10,299
27,11,300
27,12,301
27,13,301
27,14,301
27,15,302
27,16,294
27,17,301
27,18,301
28,1,303
28,2,303
28,3,304
28,4,305
28,5,306
28,6,307
28,7,308
28,8,309
28,9,310
28,10,311
28,11,303
28,12,312
28,13,312
28,14,312
28,15,305
28,16,306
28,17,312
28,18,312
29,1,313
29,2,313
29,3,314
29,4,315
29,5,316
29,6,317
29,7,318
29,8,318
29,9,319
29,10,320
29,11,313
29,12,321
29,13,321
29,14,321
29,15,322
29,16,323
29,17,321
29,18,321
30,1,324
30,2,324
30,3,325
30,4,326
30,5,327
30,6,328
30,7,329
30,8,329
30,9,330
30,10,331
30,11,332
30,12,333
30,13,333
30,14,333
30,15,334
30,16,327
30,17,335
30,18,335
31,1,336
31,2,336
31,3,337
31,4,338
31,5,339
31,6,340
31,7,341
31,8,341
31,9,342
31,10,343
31,11,336
31,12,344
31,13,344
31,14,344
31,15,345
31,16,339
31,17,344
31,18,344
32,1,346
32,2,346
32,3,347
32,4,348
32,5,349
32,6,350
32,7,351
32,8,351
32,9,352
32,10,353
32,11,354
32,12,355
32,13,355
32,14,355
32,15,348
32,16,349
32,17,355
32,18,355
33,1,356
33,2,356
33,3,357
33,4,358
33,5,359
33,6,360
33,7,361
33,8,361
33,9,362
33,10,363
33,11,356
33,12,364
33,13,364
33,14,364
33,15,365
33,16,359
33,17,364
33,18,364
34,1,366
34,2,366
34,3,367
34,4,368
34,5,369
34,6,370
34,7,371
34,8,371
34,9,372
34,10,373
34,11,374
34,12,375
34,13,375
34,14,375
34,15,368
34,16,376
34,17,375
34,18,375
35,1,377
35,2,377
35,3,378
35,4,379
35,5,380
35,6,381
35,7,382
35,8,382
35,9,383
35,10,384
35,11,385
35,12,386
35,13,387
35,14,388
35,15,379
35,16,389
35,17,390
35,18,390
36,1,391
36,2,391
36,3,392
36,4,393
36,5,394
36,6,395
36,7,396
36,8,396
36,9,397
36,10,398
36,11,399
36,12,400
36,13,401
36,14,402
36,15,393
36,16,403
36,17,402
36,18,402
37,1,404
37,2,404
37,3,405
37,4,406
37,5,407
37,6,408
37,7,409
37,8,410
37,9,411
37,10,412
37,11,413
37,12,414
37,13,414
37,14,414
37,15,415
37,16,407
37,17,414
37,18,414
38,1,416
38,2,416
38,3,417
38,4,418
38,5,419
38,6,420
38,7,421
38,8,422
38,9,423
38,10,424
38,11,425
38,12,426
38,13,426
38,14,426
38,15,418
38,16,419
38,17,426
38,18,426
39,1,427
39,2,427
39,3,428
39,4,429
39,5,430
39,6,431
39,7,432
39,8,433
39,9,434
39,10,435
39,11,436
39,12,437
39,13,437
39,14,437
39,15,438
39,16,430
39,17,437
39,18,437
40,1,439
40,2,439
40,3,440
40,4,441
40,5,442
40,6,443
40,7,444
40,8,445
40,9,446
40,10,447
40,11,439
40,12,448
40,13,448
40,14,448
40,15,449
40,16,450
40,17,448
40,18,448
41,1,451
41,2,451
41,3,452
41,4,453
41,5,454
41,6,455
41,7,456
41,8,457
41,9,458
41,10,459
41,11,460
41,12,461
41,13,462
41,14,463
41,15,464
41,16,454
41,17,463
41,18,463
42,1,465
42,2,465
42,3,466
42,4,467
42,5,468
42,6,469
42,7,470
42,8,471
42,9,472
42,10,473
42,11,474
42,12,475
42,13,476
42,14,477
42,15,478
42,16,468
42,17,477
42,18,477
43,1,479
43,2,479
43,3,480
43,4,481
43,5,482
43,6,483
43,7,484
43,8,485
43,9,486
43,10,487
43,11,479
43,12,488
43,13,488
43,14,488
43,15,489
43,16,482
43,17,488
43,18,488
44,1,490
44,2,490
44,3,491
44,4,492
44,5,493
44,6,494
44,7,495
44,8,496
44,9,497
44,10,498
44,11,499
44,12,500
44,13,500
44,14,500
44,15,492
44,16,493
44,17,500
44,18,500
45,1,501
45,2,501
45,3,502
45,4,503
45,5,504
45,6,505
45,7,506
45,8,507
45,9,508
45,10,509
45,11,501
45,12,510
45,13,510
45,14,510
45,15,511
45,16,512
45,17,510
45,18,510
46,1,513
46,2,513
46,3,514
46,4,515
46,5,516
46,6,517
46,7,518
46,8,519
46,9,520
46,10,521
46,11,522
46,12,523
46,13,523
46,14,523
46,15,515
46,16,524
46,17,525
46,18,525
47,1,526
47,2,526
47,3,527
47,4,528
47,5,529
47,6,530
47,7,531
47,8,531
47,9,532
47,10,533
47,11,534
47,12,535
47,13,536
47,14,535
47,15,537
47,16,538
47,17,539
47,18,539
48,1,540
48,2,540
48,3,541
48,4,542
48,5,543
48,6,544
48,7,545
48,8,545
48,9,546
48,10,547
48,11,548
48,12,549
48,13,549
48,14,549
48,15,542
48,16,550
48,17,549
48,18,549
49,1,551
49,2,551
49,3,552
49,4,553
49,5,554
49,6,555
49,7,556
49,8,556
49,9,557
49,10,558
49,11,559
49,12,560
49,13,560
49,14,560
49,15,561
49,16,562
49,17,560
49,18,560
50,1,563
50,2,563
50,3,564
50,4,565
50,5,566
50,6,567
50,7,568
50,8,568
50,9,569
50,10,570
50,11,571
50,12,572
50,13,572
50,14,572
50,15,565
50,16,573
50,17,572
50,18,572
51,1,574
51,2,574
51,3,575
51,4,576
51,5,577
51,6,578
51,7,579
51,8,579
51,9,580
51,10,581
51,11,574
51,12,582
51,13,582
51,14,582
51,15,576
51,16,583
51,17,582
51,18,582
52,1,584
52,2,584
52,3,585
52,4,586
52,5,587
52,6,588
52,7,589
52,8,589
52,9,590
52,10,591
52,11,592
52,12,593
52,13,593
52,14,593
52,15,594
52,16,595
52,17,593
52,18,593
53,1,596
53,2,596
53,3,597
53,4,598
53,5,599
53,6,600
53,7,601
53,8,601
53,9,602
53,10,603
53,11,596
53,12,604
53,13,604
53,14,604
53,15,598
53,16,599
53,17,604
53,18,604
54,1,605
54,2,605
54,3,606
54,4,607
54,5,608
54,6,609
54,7,610
54,8,611
54,9,612
54,10,613
54,11,605
54,12,614
54,13,615
54,14,616
54,15,617
54,16,608
54,17,616
54,18,616
55,1,618
55,2,618
55,3,619
55,4,620
55,5,621
55,6,622
55,7,623
55,8,624
55,9,625
55,10,626
55,11,627
55,12,628
55,13,629
55,14,630
55,15,631
55,16,632
55,17,630
55,18,630
56,1,633
56,2,633
56,3,634
56,4,635
56,5,636
56,6,637
56,7,638
56,8,638
56,9,639
56,10,640
56,11,641
56,12,642
56,13,642
56,14,642
56,15,635
56,16,643
56,17,642
56,18,642
57,1,644
57,2,644
57,3,645
57,4,646
57,5,647
57,6,648
57,7,649
57,8,649
57,9,650
57,10,651
57,11,652
57,12,653
57,13,653
57,14,653
57,15,646
57,16,647
57,17,653
57,18,653
58,1,654
58,2,654
58,3,655
58,4,656
58,5,657
58,6,658
58,7,659
58,8,659
58,9,660
58,10,661
58,11,662
58,12,663
58,13,663
58,14,663
58,15,664
58,16,665
58,17,663
58,18,663
59,1,666
59,2,666
59,3,667
59,4,668
59,5,669
59,6,670
59,7,671
59,8,671
59,9,672
59,10,673
59,11,674
59,12,675
59,13,675
59,14,675
59,15,676
59,16,677
59,17,675
59,18,675
60,1,678
60,2,678
60,3,679
60,4,680
60,5,681
60,6,682
60,7,683
60,8,683
60,9,684
60,10,685
60,11,686
60,12,687
60,13,687
60,14,687
60,15,688
60,16,681
60,17,687
60,18,687
61,1,689
61,2,689
61,3,690
61,4,691
61,5,692
61,6,693
61,7,694
61,8,694
61,9,695
61,10,696
61,11,697
61,12,698
61,13,698
61,14,698
61,15,699
61,16,692
61,17,698
61,18,698
62,1,700
62,2,700
62,3,701
62,4,702
62,5,703
62,6,704
62,7,705
62,8,705
62,9,706
62,10,707
62,11,708
62,12,709
62,13,709
62,14,709
62,15,702
62,16,710
62,17,709
62,18,709
63,1,711
63,2,711
63,3,712
63,4,713
63,5,714
63,6,715
63,7,716
63,8,717
63,9,718
63,10,719
63,11,720
63,12,721
63,13,722
63,14,723
63,15,724
63,16,725
63,17,723
63,18,723
64,1,726
64,2,726
64,3,727
64,4,728
64,5,729
64,6,730
64,7,731
64,8,732
64,9,733
64,10,734
64,11,735
64,12,736
64,13,737
64,14,738
64,15,728
64,16,729
64,17,738
64,18,738
65,1,739
65,2,739
65,3,740
65,4,741
65,5,742
65,6,743
65,7,744
65,8,745
65,9,746
65,10,747
65,11,748
65,12,749
65,13,750
65,14,751
65,15,741
65,16,752
65,17,751
65,18,751
66,1,753
66,2,753
66,3,754
66,4,755
66,5,756
66,6,757
66,7,758
66,8,759
66,9,760
66,10,761
66,11,753
66,12,762
66,13,763
66,14,764
66,15,755
66,16,756
66,17,765
66,18,765
67,1,766
67,2,766
67,3,767
67,4,768
67,5,769
67,6,770
67,7,771
67,8,772
67,9,773
67,10,774
67,11,775
67,12,776
67,13,777
67,14,778
67,15,779
67,16,780
67,17,778
67,18,778
68,1,781
68,2,781
68,3,782
68,4,783
68,5,784
68,6,785
68,7,786
68,8,787
68,9,788
68,10,789
68,11,790
68,12,791
68,13,792
68,14,793
68,15,783
68,16,784
68,17,793
68,18,793
69,1,794
69,2,794
69,3,795
69,4,796
69,5,797
69,6,798
69,7,799
69,8,799
69,9,800
69,10,801
69,11,802
69,12,803
69,13,803
69,14,803
69,15,796
69,16,804
69,17,803
69,18,803
70,1,805
70,2,805
70,3,806
70,4,807
70,5,808
70,6,809
70,7,810
70,8,810
70,9,811
70,10,812
70,11,805
70,12,813
70,13,813
70,14,813
70,15,814
70,16,808
70,17,813
70,18,813
71,1,815
71,2,815
71,3,816
71,4,817
71,5,818
71,6,819
71,7,820
71,8,820
71,9,821
71,10,822
71,11,815
71,12,823
71,13,823
71,14,823
71,15,824
71,16,825
71,17,823
71,18,823
72,1,826
72,2,826
72,3,827
72,4,828
72,5,829
72,6,830
72,7,831
72,8,832
72,9,833
72,10,834
72,11,835
72,12,836
72,13,837
72,14,838
72,15,828
72,16,839
72,17,838
72,18,838
73,1,840
73,2,840
73,3,841
73,4,842
73,5,843
73,6,844
73,7,845
73,8,846
73,9,847
73,10,848
73,11,840
73,12,849
73,13,850
73,14,851
73,15,852
73,16,853
73,17,851
73,18,851
74,1,854
74,2,854
74,3,855
74,4,856
74,5,857
74,6,858
74,7,859
74,8,860
74,9,861
74,10,862
74,11,854
74,12,863
74,13,864
74,14,865
74,15,856
74,16,857
74,17,865
74,18,865
75,1,866
75,2,866
75,3,867
75,4,868
75,5,869
75,6,870
75,7,871
75,8,872
75,9,873
75,10,874
75,11,866
75,12,875
75,13,876
75,14,877
75,15,878
75,16,869
75,17,877
75,18,877
76,1,879
76,2,879
76,3,880
76,4,881
76,5,882
76,6,883
76,7,884
76,8,885
76,9,886
76,10,887
76,11,888
76,12,889
76,13,890
76,14,891
76,15,892
76,16,882
76,17,893
76,18,893
77,1,894
77,2,894
77,3,895
77,4,896
77,5,897
77,6,898
77,7,899
77,8,899
77,9,900
77,10,901
77,11,902
77,12,903
77,13,904
77,14,905
77,15,906
77,16,907
77,17,905
77,18,905
78,1,908
78,2,908
78,3,909
78,4,910
78,5,911
78,6,912
78,7,913
78,8,913
78,9,914
78,10,915
78,11,908
78,12,916
78,13,917
78,14,918
78,15,919
78,16,920
78,17,918
78,18,918
79,1,921
79,2,921
79,3,922
79,4,923
79,5,924
79,6,925
79,7,926
79,8,926
79,9,927
79,10,928
79,11,929
79,12,930
79,13,930
79,14,930
79,15,931
79,16,932
79,17,930
79,18,930
80,1,933
80,2,933
80,3,934
80,4,935
80,5,936
80,6,937
80,7,938
80,8,938
80,9,939
80,10,940
80,11,941
80,12,942
80,13,942
80,14,942
80,15,943
80,16,944
80,17,945
80,18,945
81,1,946
81,2,946
81,3,947
81,4,948
81,5,949
81,6,950
81,7,951
81,8,952
81,9,953
81,10,954
81,11,955
81,12,956
81,13,956
81,14,957
81,15,958
81,16,959
81,17,957
81,18,957
82,1,960
82,2,960
82,3,961
82,4,962
82,5,963
82,6,964
82,7,965
82,8,966
82,9,967
82,10,968
82,11,969
82,12,970
82,13,970
82,14,971
82,15,962
82,16,972
82,17,971
82,18,971
83,1,973
83,2,973
83,3,974
83,4,975
83,5,976
83,6,977
83,7,978
83,8,978
83,9,979
83,10,980
83,11,981
83,12,982
83,13,982
83,14,982
83,15,983
83,16,984
83,17,985
83,18,985
84,1,986
84,2,986
84,3,987
84,4,988
84,5,989
84,6,990
84,7,991
84,8,992
84,9,993
84,10,994
84,11,986
84,12,995
84,13,995
84,14,995
84,15,996
84,16,989
84,17,995
84,18,995
85,1,997
85,2,997
85,3,998
85,4,999
85,5,1000
85,6,1001
85,7,1002
85,8,1003
85,9,1004
85,10,1005
85,11,1006
85,12,1007
85,13,1007
85,14,1007
85,15,1008
85,16,1000
85,17,1009
85,18,1009
86,1,1010
86,2,1010
86,3,1011
86,4,1012
86,5,1013
86,6,1014
86,7,1015
86,8,1015
86,9,1016
86,10,1017
86,11,1018
86,12,1019
86,13,1019
86,14,1019
86,15,1020
86,16,1013
86,17,1019
86,18,1019
87,1,1021
87,2,1021
87,3,1022
87,4,1023
87,5,1024
87,6,1025
87,7,1026
87,8,1026
87,9,1027
87,10,1028
87,11,1029
87,12,1030
87,13,1030
87,14,1030
87,15,1023
87,16,1024
87,17,1030
87,18,1030
88,1,1031
88,2,1031
88,3,1032
88,4,1033
88,5,1034
88,6,1035
88,7,1036
88,8,1037
88,9,1038
88,10,1039
88,11,1040
88,12,1041
88,13,1041
88,14,1041
88,15,1042
88,16,1034
88,17,1043
88,18,1043
89,1,1044
89,2,1044
89,3,1045
89,4,1046
89,5,1047
89,6,1048
89,7,1049
89,8,1050
89,9,1051
89,10,1052
89,11,1044
89,12,1053
89,13,1053
89,14,1053
89,15,1054
89,16,1055
89,17,1053
89,18,1053
90,1,1056
90,2,1056
90,3,1057
90,4,1058
90,5,1059
90,6,1060
90,7,1061
90,8,1061
90,9,1062
90,10,1063
90,11,1056
90,12,1064
90,13,1064
90,14,1064
90,15,1065
90,16,1059
90,17,1064
90,18,1064
91,1,1066
91,2,1066
91,3,1067
91,4,1068
91,5,1069
91,6,1070
91,7,1071
91,8,1071
91,9,1072
91,10,1073
91,11,1066
91,12,1074
91,13,1074
91,14,1074
91,15,1075
91,16,1069
91,17,1074
91,18,1074
92,1,1076
92,2,1076
92,3,1077
92,4,1078
92,5,1079
92,6,1080
92,7,1081
92,8,1081
92,9,1082
92,10,1083
92,11,1076
92,12,1084
92,13,1085
92,14,1086
92,15,1078
92,16,1087
92,17,1086
92,18,1086
93,1,1088
93,2,1088
93,3,1089
93,4,1090
93,5,1091
93,6,1092
93,7,1093
93,8,1093
93,9,1094
93,10,1095
93,11,1096
93,12,1097
93,13,1098
93,14,1099
93,15,1090
93,16,1100
93,17,1099
93,18,1099
94,1,1101
94,2,1101
94,3,1102
94,4,1103
94,5,1104
94,6,1105
94,7,1106
94,8,1106
94,9,1107
94,10,1108
94,11,1109
94,12,1110
94,13,1111
94,14,1112
94,15,1113
94,16,1114
94,17,1115
94,18,1115
95,1,1116
95,2,1116
95,3,1117
95,4,1118
95,5,1119
95,6,1120
95,7,1121
95,8,1121
95,9,1122
95,10,1123
95,11,1124
95,12,1125
95,13,1126
95,14,1127
95,15,1118
95,16,1128
95,17,1129
95,18,1129
96,1,1130
96,2,1130
96,3,1131
96,4,1132
96,5,1133
96,6,1134
96,7,1135
96,8,1135
96,9,1136
96,10,1137
96,11,1138
96,12,1139
96,13,1139
96,14,1139
96,15,1140
96,16,1141
96,17,1139
96,18,1139
97,1,1142
97,2,1142
97,3,1143
97,4,1144
97,5,1145
97,6,1146
97,7,1147
97,8,1147
97,9,1148
97,10,1149
97,11,1142
97,12,1150
97,13,1150
97,14,1150
97,15,1144
97,16,1151
97,17,1150
97,18,1150
98,1,1152
98,2,1152
98,3,1153
98,4,1154
98,5,1155
98,6,1156
98,7,1157
98,8,1157
98,9,1158
98,10,1159
98,11,1152
98,12,1160
98,13,1160
98,14,1160
98,15,1161
98,16,1162
98,17,1160
98,18,1160
99,1,1163
99,2,1163
99,3,1164
99,4,1165
99,5,1166
99,6,1167
99,7,1168
99,8,1168
99,9,1169
99,10,1170
99,11,1171
99,12,1172
99,13,1172
99,14,1172
99,15,1173
99,16,1174
99,17,1172
99,18,1172
100,1,1175
100,2,1175
100,3,1176
100,4,1177
100,5,1178
100,6,1179
100,7,1180
100,8,1181
100,9,1182
100,10,1183
100,11,1184
100,12,1185
100,13,1185
100,14,1185
100,15,1177
100,16,1186
100,17,1185
100,18,1185
101,1,1187
101,2,1187
101,3,1188
101,4,1189
101,5,1190
101,6,1191
101,7,1192
101,8,1193
101,9,1194
101,10,1195
101,11,1187
101,12,1196
101,13,1196
101,14,1196
101,15,1189
101,16,1197
101,17,1196
101,18,1196
102,1,1198
102,2,1198
102,3,1199
102,4,1200
102,5,1201
102,6,1202
102,7,1203
102,8,1203
102,9,1204
102,10,1205
102,11,1206
102,12,1207
102,13,1207
102,14,1207
102,15,1208
102,16,1209
102,17,1207
102,18,1207
103,1,1210
103,2,1210
103,3,1211
103,4,1212
103,5,1213
103,6,1214
103,7,1215
103,8,1215
103,9,1216
103,10,1217
103,11,1218
103,12,1219
103,13,1219
103,14,1219
103,15,1220
103,16,1213
103,17,1221
103,18,1221
104,1,1222
104,2,1222
104,3,1223
104,4,1224
104,5,1225
104,6,1226
104,7,1227
104,8,1227
104,9,1228
104,10,1229
104,11,1230
104,12,1231
104,13,1231
104,14,1231
104,15,1232
104,16,1225
104,17,1231
104,18,1231
105,1,1233
105,2,1233
105,3,1234
105,4,1235
105,5,1236
105,6,1237
105,7,1238
105,8,1238
105,9,1239
105,10,1240
105,11,1233
105,12,1241
105,13,1241
105,14,1241
105,15,1242
105,16,1243
105,17,1241
105,18,1241
106,1,1244
106,2,1244
106,3,1245
106,4,1246
106,5,1247
106,6,1248
106,7,1249
106,8,1249
106,9,1250
106,10,1251
106,11,1252
106,12,1253
106,13,1253
106,14,1253
106,15,1254
106,16,1255
106,17,1253
106,18,1253
107,1,1256
107,2,1256
107,3,1257
107,4,1258
107,5,1259
107,6,1260
107,7,1261
107,8,1261
107,9,1262
107,10,1263
107,11,1264
107,12,1265
107,13,1265
107,14,1265
107,15,1258
107,16,1259
107,17,1265
107,18,1265
108,1,1266
108,2,1266
108,3,1267
108,4,1268
108,5,1269
108,6,1270
108,7,1271
108,8,1271
108,9,1272
108,10,1273
108,11,1274
108,12,1275
108,13,1275
108,14,1276
108,15,1277
108,16,1278
108,17,1276
108,18,1276
109,1,1279
109,2,1279
109,3,1280
109,4,1281
109,5,1282
109,6,1283
109,7,1284
109,8,1285
109,9,1286
109,10,1287
109,11,1279
109,12,1288
109,13,1288
109,14,1288
109,15,1281
109,16,1289
109,17,1288
109,18,1288
110,1,1290
110,2,1290
110,3,1291
110,4,1292
110,5,1293
110,6,1294
110,7,1295
110,8,1296
110,9,1297
110,10,1298
110,11,1299
110,12,1300
110,13,1300
110,14,1300
110,15,1301
110,16,1302
110,17,1300
110,18,1300
111,1,1303
111,2,1303
111,3,1304
111,4,1305
111,5,1306
111,6,1307
111,7,1308
111,8,1309
111,9,1310
111,10,1311
111,11,1312
111,12,1313
111,13,1313
111,14,1314
111,15,1305
111,16,1315
111,17,1314
111,18,1314
112,1,1316
112,2,1316
112,3,1317
112,4,1318
112,5,1319
112,6,1320
112,7,1321
112,8,1322
112,9,1323
112,10,1324
112,11,1325
112,12,1326
112,13,1326
112,14,1327
112,15,1318
112,16,1328
112,17,1327
112,18,1327
113,1,1329
113,2,1329
113,3,1330
113,4,1331
113,5,1332
113,6,1333
113,7,1334
113,8,1334
113,9,1335
113,10,1336
113,11,1337
113,12,1338
113,13,1339
113,14,1340
113,15,1331
113,16,1341
113,17,1340
113,18,1340
114,1,1342
114,2,1342
114,3,1343
114,4,1344
114,5,1345
114,6,1346
114,7,1347
114,8,1347
114,9,1348
114,10,1349
114,11,1350
114,12,1351
114,13,1351
114,14,1352
114,15,1353
114,16,1345
114,17,1352
114,18,1352
115,1,1354
115,2,1354
115,3,1355
115,4,1356
115,5,1357
115,6,1358
115,7,1359
115,8,1359
115,9,1360
115,10,1361
115,11,1362
115,12,1363
115,13,1363
115,14,1363
115,15,1356
115,16,1357
115,17,1363
115,18,1363
116,1,1364
116,2,1364
116,3,1365
116,4,1366
116,5,1367
116,6,1368
116,7,1369
116,8,1370
116,9,1371
116,10,1372
116,11,1364
116,12,1373
116,13,1373
116,14,1373
116,15,1374
116,16,1367
116,17,1373
116,18,1373
117,1,1375
117,2,1375
117,3,1376
117,4,1377
117,5,1378
117,6,1379
117,7,1380
117,8,1381
117,9,1382
117,10,1383
117,11,1384
117,12,1385
117,13,1385
117,14,1385
117,15,1377
117,16,1378
117,17,1385
117,18,1385
118,1,1386
118,2,1386
118,3,1387
118,4,1388
118,5,1389
118,6,1390
118,7,1391
118,8,1392
118,9,1393
118,10,1394
118,11,1395
118,12,1396
118,13,1397
118,14,1398
118,15,1399
118,16,1400
118,17,1398
118,18,1398
119,1,1401
119,2,1401
119,3,1402
119,4,1403
119,5,1404
119,6,1405
119,7,1406
119,8,1407
119,9,1408
119,10,1409
119,11,1410
119,12,1411
119,13,1412
119,14,1413
119,15,1414
119,16,1404
119,17,1413
119,18,1413
120,1,1415
120,2,1415
120,3,1416
120,4,1417
120,5,1418
120,6,1419
120,7,1420
120,8,1421
120,9,1422
120,10,1423
120,11,1415
120,12,1424
120,13,1424
120,14,1424
120,15,1425
120,16,1426
120,17,1424
120,18,1424
121,1,1427
121,2,1427
121,3,1428
121,4,1429
121,5,1430
121,6,1431
121,7,1432
121,8,1433
121,9,1434
121,10,1435
121,11,1427
121,12,1436
121,13,1436
121,14,1436
121,15,1437
121,16,1438
121,17,1436
121,18,1436
122,1,1439
122,2,1439
122,3,1440
122,4,1441
122,5,1442
122,6,1443
122,7,1444
122,8,1444
122,9,1445
122,10,1446
122,11,1447
122,12,1448
122,13,1449
122,14,1450
122,15,1451
122,16,1442
122,17,1450
122,18,1450
123,1,1452
123,2,1452
123,3,1453
123,4,1454
123,5,1455
123,6,1456
123,7,1457
123,8,1457
123,9,1458
123,10,1459
123,11,1460
123,12,1461
123,13,1461
123,14,1462
123,15,1454
123,16,1463
123,17,1462
123,18,1462
124,1,1464
124,2,1464
124,3,1465
124,4,1466
124,5,1467
124,6,1468
124,7,1469
124,8,1469
124,9,1470
124,10,1471
124,11,1464
124,12,1472
124,13,1472
124,14,1472
124,15,1473
124,16,1474
124,17,1472
124,18,1472
125,1,1475
125,2,1475
125,3,1476
125,4,1477
125,5,1478
125,6,1479
125,7,1480
125,8,1480
125,9,1481
125,10,1482
125,11,1475
125,12,1483
125,13,1483
125,14,1484
125,15,1485
125,16,1486
125,17,1484
125,18,1484
126,1,1487
126,2,1487
126,3,1488
126,4,1489
126,5,1490
126,6,1491
126,7,1492
126,8,1492
126,9,1493
126,10,1494
126,11,1495
126,12,1496
126,13,1496
126,14,1497
126,15,1498
126,16,1490
126,17,1497
126,18,1497
127,1,1499
127,2,1499
127,3,1500
127,4,1501
127,5,1502
127,6,1503
127,7,1504
127,8,1505
127,9,1506
127,10,1507
127,11,1508
127,12,1509
127,13,1509
127,14,1509
127,15,1510
127,16,1511
127,17,1512
127,18,1512
128,1,1513
128,2,1513
128,3,1514
128,4,1515
128,5,1516
128,6,1517
128,7,1518
128,8,1518
128,9,1519
128,10,1520
128,11,1513
128,12,1521
128,13,1521
128,14,1521
128,15,1522
128,16,1516
128,17,1521
128,18,1521
129,1,1523
129,2,1523
129,3,1524
129,4,1525
129,5,1526
129,6,1527
129,7,1528
129,8,1529
129,9,1530
129,10,1531
129,11,1523
129,12,1532
129,13,1533
129,14,1534
129,15,1535
129,16,1526
129,17,1536
129,18,1536
130,1,1537
130,2,1537
130,3,1538
130,4,1539
130,5,1540
130,6,1541
130,7,1542
130,8,1543
130,9,1544
130,10,1545
130,11,1537
130,12,1546
130,13,1547
130,14,1548
130,15,1549
130,16,1550
130,17,1551
130,18,1551
131,1,1552
131,2,1552
131,3,1553
131,4,1554
131,5,1555
131,6,1556
131,7,1557
131,8,1557
131,9,1558
131,10,1559
131,11,1560
131,12,1561
131,13,1561
131,14,1561
131,15,1562
131,16,1555
131,17,1561
131,18,1561
132,1,1563
132,2,1563
132,3,1564
132,4,1565
132,5,1566
132,6,1567
132,7,1568
132,8,1568
132,9,1569
132,10,1570
132,11,1571
132,12,1572
132,13,1572
132,14,1572
132,15,1565
132,16,1573
132,17,1572
132,18,1572
133,1,1574
133,2,1574
133,3,1575
133,4,1576
133,5,1577
133,6,1578
133,7,1579
133,8,1579
133,9,1580
133,10,1581
133,11,1582
133,12,1583
133,13,1583
133,14,1584
133,15,1585
133,16,1586
133,17,1584
133,18,1584
134,1,1587
134,2,1587
134,3,1588
134,4,1589
134,5,1590
134,6,1591
134,7,1592
134,8,1592
134,9,1593
134,10,1594
134,11,1595
134,12,1596
134,13,1596
134,14,1597
134,15,1598
134,16,1599
134,17,1597
134,18,1597
135,1,1600
135,2,1600
135,3,1601
135,4,1602
135,5,1603
135,6,1604
135,7,1605
135,8,1605
135,9,1606
135,10,1607
135,11,1608
135,12,1609
135,13,1609
135,14,1610
135,15,1602
135,16,1603
135,17,1610
135,18,1610
136,1,1611
136,2,1611
136,3,1612
136,4,1613
136,5,1614
136,6,1615
136,7,1616
136,8,1616
136,9,1617
136,10,1618
136,11,1619
136,12,1620
136,13,1620
136,14,1621
136,15,1622
136,16,1623
136,17,1621
136,18,1621
137,1,1624
137,2,1624
137,3,1625
137,4,1626
137,5,1627
137,6,1628
137,7,1629
137,8,1629
137,9,1630
137,10,1631
137,11,1632
137,12,1633
137,13,1633
137,14,1634
137,15,1635
137,16,1636
137,17,1634
137,18,1634
138,1,1637
138,2,1637
138,3,1638
138,4,1639
138,5,1640
138,6,1641
138,7,1642
138,8,1642
138,9,1643
138,10,1644
138,11,1645
138,12,1646
138,13,1646
138,14,1646
138,15,1647
138,16,1648
138,17,1646
138,18,1646
139,1,1649
139,2,1649
139,3,1650
139,4,1651
139,5,1652
139,6,1653
139,7,1654
139,8,1654
139,9,1655
139,10,1656
139,11,1657
139,12,1658
139,13,1658
139,14,1658
139,15,1659
139,16,1652
139,17,1658
139,18,1658
140,1,1660
140,2,1660
140,3,1661
140,4,1662
140,5,1663
140,6,1664
140,7,1665
140,8,1665
140,9,1666
140,10,1667
140,11,1668
140,12,1669
140,13,1669
140,14,1669
140,15,1662
140,16,1670
140,17,1669
140,18,1669
141,1,1671
141,2,1671
141,3,1672
141,4,1673
141,5,1674
141,6,1675
141,7,1676
141,8,1676
141,9,1677
141,10,1678
141,11,1679
141,12,1680
141,13,1680
141,14,1680
141,15,1673
141,16,1681
141,17,1680
141,18,1680
142,1,1682
142,2,1682
142,3,1683
142,4,1684
142,5,1685
142,6,1686
142,7,1687
142,8,1687
142,9,1688
142,10,1689
142,11,1690
142,12,1691
142,13,1691
142,14,1691
142,15,1692
142,16,1693
142,17,1691
142,18,1691
143,1,1694
143,2,1694
143,3,1695
143,4,1696
143,5,1697
143,6,1698
143,7,1699
143,8,1699
143,9,1700
143,10,1701
143,11,1694
143,12,1702
143,13,1703
143,14,1704
143,15,1705
143,16,1706
143,17,1704
143,18,1704
144,1,1707
144,2,1707
144,3,1708
144,4,1709
144,5,1710
144,6,1711
144,7,1712
144,8,1712
144,9,1712
144,10,1713
144,11,1707
144,12,1714
144,13,1714
144,14,1714
144,15,1715
144,16,1716
144,17,1714
144,18,1714
145,1,1717
145,2,1717
145,3,1718
145,4,1719
145,5,1720
145,6,1721
145,7,1722
145,8,1722
145,9,1723
145,10,1724
145,11,1717
145,12,1725
145,13,1725
145,14,1725
145,15,1726
145,16,1727
145,17,1725
145,18,1725
146,1,1728
146,2,1728
146,3,1729
146,4,1730
146,5,1731
146,6,1732
146,7,1733
146,8,1733
146,9,1734
146,10,1735
146,11,1736
146,12,1737
146,13,1737
146,14,1737
146,15,1738
146,16,1739
146,17,1737
146,18,1737
147,1,1740
147,2,1740
147,3,1741
147,4,1742
147,5,1743
147,6,1744
147,7,1745
147,8,1745
147,9,1746
147,10,1747
147,11,1748
147,12,1749
147,13,1749
147,14,1749
147,15,1742
147,16,1750
147,17,1751
147,18,1751
148,1,1752
148,2,1752
148,3,1753
148,4,1754
148,5,1755
148,6,1756
148,7,1757
148,8,1757
148,9,1758
148,10,1759
148,11,1760
148,12,1761
148,13,1761
148,14,1761
148,15,1754
148,16,1762
148,17,1761
148,18,1761
149,1,1763
149,2,1763
149,3,1764
149,4,1765
149,5,1766
149,6,1767
149,7,1768
149,8,1768
149,9,1769
149,10,1770
149,11,1771
149,12,1772
149,13,1772
149,14,1772
149,15,1773
149,16,1774
149,17,1772
149,18,1772
150,1,1775
150,2,1775
150,3,1776
150,4,1777
150,5,1778
150,6,1779
150,7,1780
150,8,1780
150,9,1781
150,10,1782
150,11,1783
150,12,1784
150,13,1784
150,14,1784
150,15,1785
150,16,1786
150,17,1787
150,18,1787
151,1,1788
151,2,1788
151,3,1789
151,4,1790
151,5,1791
151,6,1792
151,7,1793
151,8,1793
151,9,1794
151,10,1795
151,11,1788
151,12,1796
151,13,1796
151,14,1796
151,15,1790
151,16,1797
151,17,1798
151,18,1798
152,4,1799
152,5,1800
152,6,1801
152,7,1802
152,8,1802
152,9,1803
152,10,1804
152,11,1805
152,12,1806
152,13,1806
152,14,1806
152,15,1807
152,16,1808
152,17,1806
152,18,1806
153,4,1809
153,5,1810
153,6,1811
153,7,1812
153,8,1812
153,9,1813
153,10,1814
153,11,1809
153,12,1815
153,13,1815
153,14,1815
153,15,1809
153,16,1814
153,17,1815
153,18,1815
154,4,1816
154,5,1817
154,6,1818
154,7,1819
154,8,1819
154,9,1820
154,10,1821
154,11,1816
154,12,1822
154,13,1822
154,14,1822
154,15,1816
154,16,1821
154,17,1822
154,18,1822
155,4,1823
155,5,1824
155,6,1825
155,7,1826
155,8,1826
155,9,1827
155,10,1824
155,11,1828
155,12,1829
155,13,1829
155,14,1829
155,15,1830
155,16,1824
155,17,1829
155,18,1829
156,4,1831
156,5,1832
156,6,1833
156,7,1834
156,8,1834
156,9,1835
156,10,1832
156,11,1831
156,12,1836
156,13,1836
156,14,1836
156,15,1831
156,16,1837
156,17,1836
156,18,1836
157,4,1838
157,5,1839
157,6,1840
157,7,1841
157,8,1841
157,9,1842
157,10,1843
157,11,1838
157,12,1844
157,13,1844
157,14,1844
157,15,1838
157,16,1843
157,17,1844
157,18,1844
158,4,1845
158,5,1846
158,6,1847
158,7,1848
158,8,1848
158,9,1849
158,10,1850
158,11,1851
158,12,1852
158,13,1852
158,14,1852
158,15,1853
158,16,1850
158,17,1852
158,18,1852
159,4,1854
159,5,1855
159,6,1856
159,7,1857
159,8,1857
159,9,1858
159,10,1855
159,11,1854
159,12,1859
159,13,1859
159,14,1859
159,15,1854
159,16,1855
159,17,1860
159,18,1860
160,4,1861
160,5,1862
160,6,1863
160,7,1864
160,8,1864
160,9,1865
160,10,1862
160,11,1866
160,12,1867
160,13,1867
160,14,1867
160,15,1861
160,16,1868
160,17,1867
160,18,1867
161,4,1869
161,5,1870
161,6,1871
161,7,1872
161,8,1872
161,9,1873
161,10,1870
161,11,1869
161,12,1874
161,13,1874
161,14,1874
161,15,1875
161,16,1870
161,17,1874
161,18,1874
162,4,1876
162,5,1877
162,6,1878
162,7,1879
162,8,1879
162,9,1880
162,10,1881
162,11,1876
162,12,1882
162,13,1882
162,14,1882
162,15,1883
162,16,1884
162,17,1882
162,18,1882
163,4,1885
163,5,1886
163,6,1887
163,7,1888
163,8,1888
163,9,1889
163,10,1886
163,11,1885
163,12,1890
163,13,1891
163,14,1892
163,15,1885
163,16,1886
163,17,1893
163,18,1893
164,4,1894
164,5,1895
164,6,1896
164,7,1897
164,8,1897
164,9,1898
164,10,1899
164,11,1894
164,12,1900
164,13,1901
164,14,1902
164,15,1894
164,16,1899
164,17,1902
164,18,1902
165,4,1903
165,5,1904
165,6,1905
165,7,1906
165,8,1906
165,9,1907
165,10,1908
165,11,1903
165,12,1909
165,13,1909
165,14,1909
165,15,1903
165,16,1904
165,17,1910
165,18,1910
166,4,1911
166,5,1912
166,6,1913
166,7,1914
166,8,1914
166,9,1915
166,10,1912
166,11,1911
166,12,1916
166,13,1916
166,14,1916
166,15,1911
166,16,1917
166,17,1916
166,18,1916
167,4,1918
167,5,1919
167,6,1920
167,7,1921
167,8,1921
167,9,1922
167,10,1923
167,11,1918
167,12,1924
167,13,1924
167,14,1924
167,15,1918
167,16,1925
167,17,1924
167,18,1924
168,4,1926
168,5,1927
168,6,1928
168,7,1929
168,8,1929
168,9,1930
168,10,1927
168,11,1926
168,12,1931
168,13,1931
168,14,1931
168,15,1932
168,16,1927
168,17,1931
168,18,1931
169,4,1933
169,5,1934
169,6,1935
169,7,1936
169,8,1937
169,9,1938
169,10,1934
169,11,1939
169,12,1940
169,13,1941
169,14,1942
169,15,1939
169,16,1934
169,17,1942
169,18,1942
170,4,1943
170,5,1944
170,6,1945
170,7,1946
170,8,1947
170,9,1948
170,10,1949
170,11,1950
170,12,1951
170,13,1951
170,14,1951
170,15,1950
170,16,1949
170,17,1951
170,18,1951
171,4,1952
171,5,1953
171,6,1954
171,7,1955
171,8,1956
171,9,1957
171,10,1953
171,11,1958
171,12,1959
171,13,1959
171,14,1959
171,15,1958
171,16,1960
171,17,1961
171,18,1961
172,4,1962
172,5,1963
172,6,1964
172,7,1965
172,8,1966
172,9,1967
172,10,1963
172,11,1962
172,12,1968
172,13,1969
172,14,1970
172,15,1962
172,16,1963
172,17,1970
172,18,1970
173,4,1971
173,5,1972
173,6,1973
173,7,1974
173,8,1974
173,9,1975
173,10,1976
173,11,1977
173,12,1978
173,13,1979
173,14,1980
173,15,1977
173,16,1976
173,17,1981
173,18,1981
174,4,1982
174,5,1983
174,6,1984
174,7,1985
174,8,1986
174,9,1987
174,10,1988
174,11,1982
174,12,1989
174,13,1989
174,14,1989
174,15,1982
174,16,1988
174,17,1989
174,18,1989
175,4,1990
175,5,1991
175,6,1992
175,7,1993
175,8,1993
175,9,1994
175,10,1995
175,11,1990
175,12,1996
175,13,1996
175,14,1997
175,15,1990
175,16,1995
175,17,1997
175,18,1997
176,4,1998
176,5,1999
176,6,2000
176,7,2001
176,8,2001
176,9,2002
176,10,2003
176,11,2004
176,12,2005
176,13,2005
176,14,2006
176,15,2004
176,16,2003
176,17,2007
176,18,2007
177,4,2008
177,5,2009
177,6,2010
177,7,2011
177,8,2012
177,9,2013
177,10,2009
177,11,2014
177,12,2015
177,13,2015
177,14,2015
177,15,2014
177,16,2009
177,17,2015
177,18,2015
178,4,2016
178,5,2017
178,6,2018
178,7,2019
178,8,2020
178,9,2021
178,10,2017
178,11,2016
178,12,2022
178,13,2022
178,14,2022
178,15,2016
178,16,2017
178,17,2023
178,18,2023
179,4,2024
179,5,2025
179,6,2026
179,7,2027
179,8,2027
179,9,2028
179,10,2025
179,11,2029
179,12,2030
179,13,2030
179,14,2030
179,15,2029
179,16,2025
179,17,2030
179,18,2030
180,4,2031
180,5,2032
180,6,2033
180,7,2034
180,8,2034
180,9,2035
180,10,2032
180,11,2036
180,12,2037
180,13,2037
180,14,2037
180,15,2036
180,16,2032
180,17,2037
180,18,2037
181,4,2038
181,5,2039
181,6,2040
181,7,2041
181,8,2041
181,9,2042
181,10,2039
181,11,2043
181,12,2044
181,13,2044
181,14,2044
181,15,2043
181,16,2039
181,17,2045
181,18,2045
182,4,2046
182,5,2047
182,6,2048
182,7,2049
182,8,2050
182,9,2051
182,10,2047
182,11,2046
182,12,2052
182,13,2052
182,14,2052
182,15,2053
182,16,2047
182,17,2052
182,18,2052
183,4,2054
183,5,2055
183,6,2056
183,7,2057
183,8,2058
183,9,2059
183,10,2055
183,11,2060
183,12,2061
183,13,2062
183,14,2063
183,15,2060
183,16,2055
183,17,2064
183,18,2064
184,4,2065
184,5,2066
184,6,2067
184,7,2068
184,8,2069
184,9,2070
184,10,2071
184,11,2072
184,12,2073
184,13,2074
184,14,2075
184,15,2076
184,16,2071
184,17,2075
184,18,2075
185,4,2077
185,5,2078
185,6,2079
185,7,2080
185,8,2080
185,9,2081
185,10,2082
185,11,2083
185,12,2084
185,13,2085
185,14,2086
185,15,2087
185,16,2082
185,17,2086
185,18,2086
186,4,2088
186,5,2089
186,6,2090
186,7,2091
186,8,2091
186,9,2092
186,10,2089
186,11,2093
186,12,2094
186,13,2094
186,14,2094
186,15,2093
186,16,2089
186,17,2095
186,18,2095
187,4,2096
187,5,2097
187,6,2098
187,7,2099
187,8,2099
187,9,2100
187,10,2097
187,11,2096
187,12,2101
187,13,2101
187,14,2101
187,15,2102
187,16,2097
187,17,2103
187,18,2103
188,4,2104
188,5,2105
188,6,2106
188,7,2107
188,8,2107
188,9,2108
188,10,2105
188,11,2109
188,12,2110
188,13,2110
188,14,2110
188,15,2109
188,16,2105
188,17,2110
188,18,2110
189,4,2111
189,5,2112
189,6,2113
189,7,2114
189,8,2114
189,9,2115
189,10,2116
189,11,2117
189,12,2118
189,13,2118
189,14,2118
189,15,2119
189,16,2112
189,17,2118
189,18,2118
190,4,2120
190,5,2121
190,6,2122
190,7,2123
190,8,2123
190,9,2124
190,10,2125
190,11,2120
190,12,2126
190,13,2127
190,14,2128
190,15,2120
190,16,2125
190,17,2128
190,18,2128
191,4,2129
191,5,2130
191,6,2131
191,7,2132
191,8,2132
191,9,2133
191,10,2134
191,11,2129
191,12,2135
191,13,2135
191,14,2135
191,15,2136
191,16,2134
191,17,2135
191,18,2135
192,4,2137
192,5,2138
192,6,2139
192,7,2140
192,8,2140
192,9,2141
192,10,2142
192,11,2143
192,12,2144
192,13,2144
192,14,2144
192,15,2143
192,16,2142
192,17,2144
192,18,2144
193,4,2145
193,5,2146
193,6,2147
193,7,2148
193,8,2148
193,9,2149
193,10,2146
193,11,2150
193,12,2151
193,13,2151
193,14,2152
193,15,2150
193,16,2146
193,17,2152
193,18,2152
194,4,2153
194,5,2154
194,6,2155
194,7,2156
194,8,2156
194,9,2157
194,10,2158
194,11,2153
194,12,2159
194,13,2160
194,14,2161
194,15,2162
194,16,2158
194,17,2161
194,18,2161
195,4,2163
195,5,2164
195,6,2165
195,7,2166
195,8,2166
195,9,2167
195,10,2168
195,11,2169
195,12,2170
195,13,2171
195,14,2172
195,15,2173
195,16,2168
195,17,2174
195,18,2174
196,4,2175
196,5,2176
196,6,2177
196,7,2178
196,8,2178
196,9,2179
196,10,2180
196,11,2181
196,12,2182
196,13,2182
196,14,2183
196,15,2181
196,16,2180
196,17,2183
196,18,2183
197,4,2184
197,5,2185
197,6,2186
197,7,2187
197,8,2187
197,9,2188
197,10,2189
197,11,2190
197,12,2191
197,13,2191
197,14,2192
197,15,2193
197,16,2185
197,17,2194
197,18,2194
198,4,2195
198,5,2196
198,6,2197
198,7,2198
198,8,2198
198,9,2199
198,10,2196
198,11,2195
198,12,2200
198,13,2201
198,14,2202
198,15,2195
198,16,2196
198,17,2202
198,18,2202
199,4,2203
199,5,2204
199,6,2205
199,7,2206
199,8,2206
199,9,2207
199,10,2208
199,11,2209
199,12,2210
199,13,2210
199,14,2210
199,15,2209
199,16,2208
199,17,2211
199,18,2211
200,4,2212
200,5,2213
200,6,2214
200,7,2215
200,8,2215
200,9,2216
200,10,2217
200,11,2218
200,12,2219
200,13,2220
200,14,2221
200,15,2222
200,16,2217
200,17,2221
200,18,2221
201,4,2223
201,5,2224
201,6,2225
201,7,2226
201,8,2226
201,9,2227
201,10,2228
201,11,2229
201,12,2230
201,13,2231
201,14,2232
201,15,2229
201,16,2228
201,17,2232
201,18,2232
202,4,2233
202,5,2234
202,6,2235
202,7,2236
202,8,2237
202,9,2238
202,10,2239
202,11,2240
202,12,2241
202,13,2241
202,14,2241
202,15,2242
202,16,2239
202,17,2241
202,18,2241
203,4,2243
203,5,2244
203,6,2245
203,7,2246
203,8,2247
203,9,2248
203,10,2244
203,11,2243
203,12,2249
203,13,2250
203,14,2251
203,15,2252
203,16,2244
203,17,2251
203,18,2251
204,4,2253
204,5,2254
204,6,2255
204,7,2256
204,8,2256
204,9,2257
204,10,2258
204,11,2259
204,12,2260
204,13,2260
204,14,2260
204,15,2261
204,16,2254
204,17,2260
204,18,2260
205,4,2262
205,5,2263
205,6,2264
205,7,2265
205,8,2265
205,9,2266
205,10,2267
205,11,2268
205,12,2269
205,13,2269
205,14,2269
205,15,2270
205,16,2267
205,17,2269
205,18,2269
206,4,2271
206,5,2272
206,6,2273
206,7,2274
206,8,2274
206,9,2275
206,10,2276
206,11,2277
206,12,2278
206,13,2278
206,14,2278
206,15,2279
206,16,2280
206,17,2278
206,18,2278
207,4,2281
207,5,2282
207,6,2283
207,7,2284
207,8,2284
207,9,2285
207,10,2282
207,11,2286
207,12,2287
207,13,2287
207,14,2288
207,15,2286
207,16,2282
207,17,2288
207,18,2288
208,4,2289
208,5,2290
208,6,2291
208,7,2292
208,8,2292
208,9,2293
208,10,2290
208,11,2294
208,12,2295
208,13,2296
208,14,2297
208,15,2289
208,16,2298
208,17,2297
208,18,2297
209,4,2299
209,5,2300
209,6,2301
209,7,2302
209,8,2302
209,9,2303
209,10,2304
209,11,2299
209,12,2305
209,13,2305
209,14,2305
209,15,2299
209,16,2304
209,17,2305
209,18,2305
210,4,2306
210,5,2307
210,6,2308
210,7,2309
210,8,2309
210,9,2310
210,10,2307
210,11,2311
210,12,2312
210,13,2312
210,14,2312
210,15,2311
210,16,2313
210,17,2312
210,18,2312
211,4,2314
211,5,2315
211,6,2316
211,7,2317
211,8,2317
211,9,2318
211,10,2319
211,11,2320
211,12,2321
211,13,2321
211,14,2321
211,15,2314
211,16,2319
211,17,2321
211,18,2321
212,4,2322
212,5,2323
212,6,2324
212,7,2325
212,8,2325
212,9,2326
212,10,2323
212,11,2327
212,12,2328
212,13,2328
212,14,2329
212,15,2327
212,16,2323
212,17,2329
212,18,2329
213,4,2330
213,5,2331
213,6,2332
213,7,2333
213,8,2333
213,9,2334
213,10,2331
213,11,2335
213,12,2336
213,13,2336
213,14,2336
213,15,2337
213,16,2338
213,17,2336
213,18,2336
214,4,2339
214,5,2340
214,6,2341
214,7,2342
214,8,2343
214,9,2344
214,10,2340
214,11,2345
214,12,2346
214,13,2347
214,14,2348
214,15,2349
214,16,2350
214,17,2348
214,18,2348
215,4,2351
215,5,2352
215,6,2353
215,7,2354
215,8,2354
215,9,2355
215,10,2352
215,11,2356
215,12,2357
215,13,2358
215,14,2359
215,15,2356
215,16,2360
215,17,2359
215,18,2359
216,4,2361
216,5,2362
216,6,2363
216,7,2364
216,8,2364
216,9,2365
216,10,2366
216,11,2361
216,12,2367
216,13,2367
216,14,2367
216,15,2368
216,16,2366
216,17,2367
216,18,2367
217,4,2369
217,5,2370
217,6,2371
217,7,2372
217,8,2372
217,9,2373
217,10,2374
217,11,2375
217,12,2376
217,13,2376
217,14,2376
217,15,2377
217,16,2378
217,17,2376
217,18,2376
218,4,2379
218,5,2380
218,6,2381
218,7,2382
218,8,2383
218,9,2384
218,10,2385
218,11,2379
218,12,2386
218,13,2386
218,14,2386
218,15,2379
218,16,2385
218,17,2387
218,18,2387
219,4,2388
219,5,2389
219,6,2390
219,7,2391
219,8,2392
219,9,2393
219,10,2394
219,11,2388
219,12,2395
219,13,2395
219,14,2395
219,15,2388
219,16,2396
219,17,2395
219,18,2395
220,4,2397
220,5,2398
220,6,2399
220,7,2400
220,8,2400
220,9,2401
220,10,2402
220,11,2397
220,12,2403
220,13,2403
220,14,2404
220,15,2397
220,16,2402
220,17,2404
220,18,2404
221,4,2405
221,5,2406
221,6,2407
221,7,2408
221,8,2408
221,9,2409
221,10,2410
221,11,2405
221,12,2411
221,13,2411
221,14,2412
221,15,2405
221,16,2410
221,17,2412
221,18,2412
222,4,2413
222,5,2414
222,6,2415
222,7,2416
222,8,2417
222,9,2418
222,10,2419
222,11,2413
222,12,2420
222,13,2420
222,14,2420
222,15,2421
222,16,2422
222,17,2423
222,18,2423
223,4,2424
223,5,2425
223,6,2426
223,7,2427
223,8,2427
223,9,2428
223,10,2429
223,11,2430
223,12,2431
223,13,2432
223,14,2433
223,15,2434
223,16,2435
223,17,2436
223,18,2436
224,4,2437
224,5,2438
224,6,2439
224,7,2440
224,8,2440
224,9,2441
224,10,2442
224,11,2443
224,12,2444
224,13,2445
224,14,2446
224,15,2447
224,16,2442
224,17,2446
224,18,2446
225,4,2448
225,5,2449
225,6,2450
225,7,2451
225,8,2451
225,9,2452
225,10,2453
225,11,2448
225,12,2454
225,13,2454
225,14,2454
225,15,2455
225,16,2453
225,17,2454
225,18,2454
226,4,2456
226,5,2457
226,6,2458
226,7,2459
226,8,2459
226,9,2460
226,10,2457
226,11,2461
226,12,2462
226,13,2463
226,14,2464
226,15,2465
226,16,2466
226,17,2467
226,18,2467
227,4,2468
227,5,2469
227,6,2470
227,7,2471
227,8,2472
227,9,2473
227,10,2469
227,11,2474
227,12,2475
227,13,2475
227,14,2475
227,15,2468
227,16,2469
227,17,2475
227,18,2475
228,4,2476
228,5,2477
228,6,2478
228,7,2479
228,8,2479
228,9,2480
228,10,2481
228,11,2482
228,12,2483
228,13,2483
228,14,2484
228,15,2476
228,16,2481
228,17,2484
228,18,2484
229,4,2485
229,5,2486
229,6,2487
229,7,2488
229,8,2488
229,9,2489
229,10,2486
229,11,2485
229,12,2490
229,13,2490
229,14,2491
229,15,2485
229,16,2492
229,17,2491
229,18,2491
230,4,2493
230,5,2494
230,6,2495
230,7,2496
230,8,2497
230,9,2498
230,10,2494
230,11,2493
230,12,2499
230,13,2499
230,14,2499
230,15,2493
230,16,2494
230,17,2499
230,18,2499
231,4,2500
231,5,2501
231,6,2502
231,7,2503
231,8,2504
231,9,2505
231,10,2506
231,11,2507
231,12,2508
231,13,2508
231,14,2508
231,15,2509
231,16,2506
231,17,2508
231,18,2508
232,4,2510
232,5,2511
232,6,2512
232,7,2513
232,8,2514
232,9,2515
232,10,2516
232,11,2510
232,12,2517
232,13,2517
232,14,2517
232,15,2518
232,16,2511
232,17,2517
232,18,2517
233,4,2519
233,5,2520
233,6,2521
233,7,2522
233,8,2522
233,9,2523
233,10,2524
233,11,2525
233,12,2526
233,13,2526
233,14,2527
233,15,2528
233,16,2529
233,17,2527
233,18,2527
234,4,2530
234,5,2531
234,6,2532
234,7,2533
234,8,2533
234,9,2534
234,10,2531
234,11,2535
234,12,2536
234,13,2536
234,14,2536
234,15,2537
234,16,2531
234,17,2536
234,18,2536
235,4,2538
235,5,2539
235,6,2540
235,7,2541
235,8,2541
235,9,2542
235,10,2539
235,11,2538
235,12,2543
235,13,2543
235,14,2543
235,15,2538
235,16,2539
235,17,2543
235,18,2543
236,4,2544
236,5,2545
236,6,2546
236,7,2547
236,8,2547
236,9,2548
236,10,2549
236,11,2550
236,12,2551
236,13,2551
236,14,2551
236,15,2550
236,16,2549
236,17,2551
236,18,2551
237,4,2552
237,5,2553
237,6,2554
237,7,2555
237,8,2555
237,9,2556
237,10,2553
237,11,2552
237,12,2557
237,13,2557
237,14,2557
237,15,2558
237,16,2553
237,17,2557
237,18,2557
238,4,2559
238,5,2560
238,6,2561
238,7,2562
238,8,2562
238,9,2563
238,10,2564
238,11,2559
238,12,2565
238,13,2565
238,14,2565
238,15,2566
238,16,2564
238,17,2565
238,18,2565
239,4,2567
239,5,2568
239,6,2569
239,7,2570
239,8,2570
239,9,2571
239,10,2568
239,11,2567
239,12,2572
239,13,2572
239,14,2573
239,15,2574
239,16,2575
239,17,2573
239,18,2573
240,4,2576
240,5,2577
240,6,2578
240,7,2579
240,8,2579
240,9,2580
240,10,2581
240,11,2576
240,12,2582
240,13,2582
240,14,2583
240,15,2584
240,16,2585
240,17,2586
240,18,2586
241,4,2587
241,5,2588
241,6,2589
241,7,2590
241,8,2590
241,9,2591
241,10,2592
241,11,2587
241,12,2593
241,13,2593
241,14,2593
241,15,2587
241,16,2594
241,17,2595
241,18,2595
242,4,2596
242,5,2597
242,6,2598
242,7,2599
242,8,2599
242,9,2600
242,10,2601
242,11,2602
242,12,2603
242,13,2604
242,14,2605
242,15,2606
242,16,2607
242,17,2605
242,18,2605
243,4,2608
243,5,2609
243,6,2610
243,7,2611
243,8,2611
243,9,2612
243,10,2613
243,11,2608
243,12,2614
243,13,2614
243,14,2614
243,15,2608
243,16,2615
243,17,2614
243,18,2614
244,4,2616
244,5,2617
244,6,2618
244,7,2619
244,8,2619
244,9,2620
244,10,2617
244,11,2621
244,12,2622
244,13,2622
244,14,2622
244,15,2623
244,16,2624
244,17,2622
244,18,2622
245,4,2625
245,5,2626
245,6,2627
245,7,2628
245,8,2628
245,9,2629
245,10,2630
245,11,2625
245,12,2631
245,13,2631
245,14,2631
245,15,2632
245,16,2633
245,17,2631
245,18,2631
246,4,2634
246,5,2635
246,6,2636
246,7,2637
246,8,2637
246,9,2638
246,10,2639
246,11,2634
246,12,2640
246,13,2640
246,14,2640
246,15,2641
246,16,2639
246,17,2640
246,18,2640
247,4,2642
247,5,2643
247,6,2644
247,7,2645
247,8,2645
247,9,2646
247,10,2647
247,11,2642
247,12,2648
247,13,2648
247,14,2648
247,15,2649
247,16,2647
247,17,2648
247,18,2648
248,4,2650
248,5,2651
248,6,2652
248,7,2653
248,8,2653
248,9,2654
248,10,2655
248,11,2655
248,12,2656
248,13,2656
248,14,2656
248,15,2655
248,16,2651
248,17,2656
248,18,2656
249,4,2657
249,5,2658
249,6,2659
249,7,2660
249,8,2660
249,9,2661
249,10,2658
249,11,2657
249,12,2662
249,13,2662
249,14,2662
249,15,2657
249,16,2658
249,17,2662
249,18,2662
250,4,2663
250,5,2664
250,6,2665
250,7,2666
250,8,2666
250,9,2667
250,10,2664
250,11,2668
250,12,2669
250,13,2669
250,14,2669
250,15,2670
250,16,2664
250,17,2669
250,18,2669
251,4,2671
251,5,2672
251,6,2673
251,7,2674
251,8,2674
251,9,2674
251,10,2675
251,11,2676
251,12,2677
251,13,2677
251,14,2677
251,15,2678
251,16,2675
251,17,2677
251,18,2677
252,7,2679
252,8,2680
252,9,2681
252,10,2682
252,11,2682
252,12,2683
252,13,2683
252,14,2683
252,15,2684
252,16,2684
252,17,2683
252,18,2683
253,7,2685
253,8,2686
253,9,2687
253,10,2688
253,11,2688
253,12,2689
253,13,2689
253,14,2689
253,15,2690
253,16,2690
253,17,2689
253,18,2689
254,7,2691
254,8,2692
254,9,2693
254,10,2694
254,11,2694
254,12,2695
254,13,2695
254,14,2695
254,15,2696
254,16,2696
254,17,2695
254,18,2695
255,7,2697
255,8,2698
255,9,2699
255,10,2700
255,11,2700
255,12,2701
255,13,2701
255,14,2701
255,15,2702
255,16,2702
255,17,2701
255,18,2701
256,7,2703
256,8,2704
256,9,2705
256,10,2706
256,11,2706
256,12,2707
256,13,2707
256,14,2707
256,15,2708
256,16,2708
256,17,2707
256,18,2707
257,7,2709
257,8,2710
257,9,2711
257,10,2712
257,11,2712
257,12,2713
257,13,2713
257,14,2713
257,15,2714
257,16,2714
257,17,2713
257,18,2713
258,7,2715
258,8,2716
258,9,2717
258,10,2718
258,11,2718
258,12,2719
258,13,2719
258,14,2719
258,15,2720
258,16,2720
258,17,2719
258,18,2719
259,7,2721
259,8,2722
259,9,2723
259,10,2724
259,11,2724
259,12,2725
259,13,2725
259,14,2725
259,15,2726
259,16,2726
259,17,2725
259,18,2725
260,7,2727
260,8,2728
260,9,2729
260,10,2730
260,11,2730
260,12,2731
260,13,2731
260,14,2731
260,15,2732
260,16,2732
260,17,2731
260,18,2731
261,7,2733
261,8,2734
261,9,2735
261,10,2736
261,11,2736
261,12,2737
261,13,2737
261,14,2737
261,15,2738
261,16,2738
261,17,2737
261,18,2737
262,7,2739
262,8,2740
262,9,2741
262,10,2742
262,11,2742
262,12,2743
262,13,2743
262,14,2743
262,15,2744
262,16,2744
262,17,2743
262,18,2743
263,7,2745
263,8,2746
263,9,2747
263,10,2748
263,11,2748
263,12,2749
263,13,2749
263,14,2749
263,15,2750
263,16,2750
263,17,2749
263,18,2749
264,7,2751
264,8,2752
264,9,2753
264,10,2754
264,11,2754
264,12,2755
264,13,2755
264,14,2755
264,15,2756
264,16,2756
264,17,2755
264,18,2755
265,7,2757
265,8,2758
265,9,2759
265,10,2760
265,11,2760
265,12,2761
265,13,2762
265,14,2763
265,15,2764
265,16,2764
265,17,2763
265,18,2763
266,7,2765
266,8,2766
266,9,2767
266,10,2768
266,11,2768
266,12,2769
266,13,2770
266,14,2771
266,15,2772
266,16,2772
266,17,2771
266,18,2771
267,7,2773
267,8,2774
267,9,2775
267,10,2776
267,11,2776
267,12,2777
267,13,2778
267,14,2779
267,15,2780
267,16,2780
267,17,2779
267,18,2779
268,7,2781
268,8,2782
268,9,2783
268,10,2784
268,11,2784
268,12,2785
268,13,2786
268,14,2787
268,15,2788
268,16,2788
268,17,2787
268,18,2787
269,7,2789
269,8,2790
269,9,2791
269,10,2792
269,11,2792
269,12,2793
269,13,2794
269,14,2795
269,15,2796
269,16,2796
269,17,2795
269,18,2795
270,7,2797
270,8,2798
270,9,2799
270,10,2800
270,11,2800
270,12,2801
270,13,2801
270,14,2801
270,15,2802
270,16,2802
270,17,2803
270,18,2803
271,7,2804
271,8,2805
271,9,2806
271,10,2807
271,11,2807
271,12,2808
271,13,2808
271,14,2808
271,15,2809
271,16,2809
271,17,2808
271,18,2808
272,7,2810
272,8,2811
272,9,2812
272,10,2813
272,11,2813
272,12,2814
272,13,2814
272,14,2814
272,15,2815
272,16,2815
272,17,2816
272,18,2816
273,7,2817
273,8,2818
273,9,2819
273,10,2820
273,11,2820
273,12,2821
273,13,2821
273,14,2821
273,15,2822
273,16,2822
273,17,2821
273,18,2821
274,7,2823
274,8,2824
274,9,2825
274,10,2826
274,11,2826
274,12,2827
274,13,2827
274,14,2827
274,15,2828
274,16,2828
274,17,2827
274,18,2827
275,7,2829
275,8,2830
275,9,2831
275,10,2832
275,11,2832
275,12,2833
275,13,2833
275,14,2833
275,15,2834
275,16,2834
275,17,2833
275,18,2833
276,7,2835
276,8,2836
276,9,2837
276,10,2838
276,11,2838
276,12,2839
276,13,2839
276,14,2839
276,15,2840
276,16,2840
276,17,2839
276,18,2839
277,7,2841
277,8,2842
277,9,2843
277,10,2844
277,11,2844
277,12,2845
277,13,2845
277,14,2845
277,15,2846
277,16,2846
277,17,2845
277,18,2845
278,7,2847
278,8,2848
278,9,2849
278,10,2850
278,11,2850
278,12,2851
278,13,2852
278,14,2853
278,15,2854
278,16,2854
278,17,2853
278,18,2853
279,7,2855
279,8,2856
279,9,2857
279,10,2858
279,11,2858
279,12,2859
279,13,2860
279,14,2861
279,15,2862
279,16,2862
279,17,2861
279,18,2861
280,7,2863
280,8,2864
280,9,2865
280,10,2866
280,11,2866
280,12,2867
280,13,2867
280,14,2868
280,15,2869
280,16,2869
280,17,2868
280,18,2868
281,7,2870
281,8,2871
281,9,2872
281,10,2873
281,11,2873
281,12,2874
281,13,2874
281,14,2875
281,15,2876
281,16,2876
281,17,2875
281,18,2875
282,7,2877
282,8,2878
282,9,2879
282,10,2880
282,11,2880
282,12,2881
282,13,2881
282,14,2882
282,15,2883
282,16,2883
282,17,2882
282,18,2882
283,7,2884
283,8,2885
283,9,2886
283,10,2887
283,11,2887
283,12,2888
283,13,2888
283,14,2888
283,15,2889
283,16,2889
283,17,2888
283,18,2888
284,7,2890
284,8,2891
284,9,2892
284,10,2893
284,11,2893
284,12,2894
284,13,2894
284,14,2894
284,15,2895
284,16,2895
284,17,2894
284,18,2894
285,7,2896
285,8,2897
285,9,2898
285,10,2899
285,11,2899
285,12,2900
285,13,2900
285,14,2900
285,15,2901
285,16,2901
285,17,2900
285,18,2900
286,7,2902
286,8,2903
286,9,2904
286,10,2905
286,11,2905
286,12,2906
286,13,2906
286,14,2906
286,15,2907
286,16,2907
286,17,2906
286,18,2906
287,7,2908
287,8,2909
287,9,2910
287,10,2911
287,11,2911
287,12,2912
287,13,2912
287,14,2912
287,15,2913
287,16,2913
287,17,2912
287,18,2912
288,7,2914
288,8,2915
288,9,2916
288,10,2917
288,11,2917
288,12,2918
288,13,2918
288,14,2918
288,15,2919
288,16,2919
288,17,2918
288,18,2918
289,7,2920
289,8,2921
289,9,2922
289,10,2923
289,11,2923
289,12,2924
289,13,2924
289,14,2924
289,15,2925
289,16,2925
289,17,2926
289,18,2926
290,7,2927
290,8,2928
290,9,2929
290,10,2930
290,11,2930
290,12,2931
290,13,2931
290,14,2931
290,15,2932
290,16,2932
290,17,2931
290,18,2931
291,7,2933
291,8,2934
291,9,2935
291,10,2936
291,11,2936
291,12,2937
291,13,2937
291,14,2937
291,15,2938
291,16,2938
291,17,2937
291,18,2937
292,7,2939
292,8,2940
292,9,2941
292,10,2942
292,11,2942
292,12,2943
292,13,2943
292,14,2943
292,15,2944
292,16,2944
292,17,2945
292,18,2945
293,7,2946
293,8,2947
293,9,2948
293,10,2949
293,11,2949
293,12,2950
293,13,2950
293,14,2950
293,15,2951
293,16,2951
293,17,2950
293,18,2950
294,7,2952
294,8,2953
294,9,2954
294,10,2955
294,11,2955
294,12,2956
294,13,2956
294,14,2956
294,15,2957
294,16,2957
294,17,2956
294,18,2956
295,7,2958
295,8,2959
295,9,2960
295,10,2961
295,11,2961
295,12,2962
295,13,2962
295,14,2962
295,15,2963
295,16,2963
295,17,2962
295,18,2962
296,7,2964
296,8,2965
296,9,2966
296,10,2967
296,11,2967
296,12,2968
296,13,2968
296,14,2968
296,15,2969
296,16,2969
296,17,2968
296,18,2968
297,7,2970
297,8,2971
297,9,2972
297,10,2973
297,11,2973
297,12,2974
297,13,2974
297,14,2974
297,15,2975
297,16,2975
297,17,2974
297,18,2974
298,7,2976
298,8,2977
298,9,2978
298,10,2979
298,11,2979
298,12,2980
298,13,2981
298,14,2982
298,15,2983
298,16,2983
298,17,2982
298,18,2982
299,7,2984
299,8,2985
299,9,2986
299,10,2987
299,11,2987
299,12,2988
299,13,2988
299,14,2989
299,15,2990
299,16,2990
299,17,2989
299,18,2989
300,7,2991
300,8,2992
300,9,2993
300,10,2994
300,11,2994
300,12,2995
300,13,2995
300,14,2995
300,15,2996
300,16,2996
300,17,2997
300,18,2997
301,7,2998
301,8,2999
301,9,3000
301,10,3001
301,11,3001
301,12,3002
301,13,3002
301,14,3002
301,15,3003
301,16,3003
301,17,3002
301,18,3002
302,7,3004
302,8,3005
302,9,3006
302,10,3007
302,11,3007
302,12,3008
302,13,3008
302,14,3008
302,15,3009
302,16,3009
302,17,3008
302,18,3008
303,7,3010
303,8,3011
303,9,3012
303,10,3013
303,11,3013
303,12,3014
303,13,3014
303,14,3014
303,15,3015
303,16,3015
303,17,3014
303,18,3014
304,7,3016
304,8,3017
304,9,3018
304,10,3019
304,11,3019
304,12,3020
304,13,3020
304,14,3020
304,15,3021
304,16,3021
304,17,3020
304,18,3020
305,7,3022
305,8,3023
305,9,3024
305,10,3025
305,11,3025
305,12,3026
305,13,3026
305,14,3026
305,15,3027
305,16,3027
305,17,3026
305,18,3026
306,7,3028
306,8,3029
306,9,3030
306,10,3031
306,11,3031
306,12,3032
306,13,3032
306,14,3032
306,15,3033
306,16,3033
306,17,3032
306,18,3032
307,7,3034
307,8,3035
307,9,3036
307,10,3037
307,11,3037
307,12,3038
307,13,3039
307,14,3040
307,15,3041
307,16,3041
307,17,3040
307,18,3040
308,7,3042
308,8,3043
308,9,3044
308,10,3045
308,11,3045
308,12,3046
308,13,3047
308,14,3048
308,15,3049
308,16,3049
308,17,3048
308,18,3048
309,7,3050
309,8,3051
309,9,3052
309,10,3053
309,11,3053
309,12,3054
309,13,3054
309,14,3054
309,15,3055
309,16,3055
309,17,3054
309,18,3054
310,7,3056
310,8,3057
310,9,3058
310,10,3059
310,11,3059
310,12,3060
310,13,3060
310,14,3060
310,15,3061
310,16,3061
310,17,3060
310,18,3060
311,7,3062
311,8,3063
311,9,3064
311,10,3065
311,11,3065
311,12,3066
311,13,3066
311,14,3066
311,15,3067
311,16,3067
311,17,3066
311,18,3066
312,7,3068
312,8,3069
312,9,3070
312,10,3071
312,11,3071
312,12,3072
312,13,3072
312,14,3072
312,15,3073
312,16,3073
312,17,3072
312,18,3072
313,7,3074
313,8,3075
313,9,3076
313,10,3077
313,11,3077
313,12,3078
313,13,3078
313,14,3078
313,15,3079
313,16,3079
313,17,3080
313,18,3080
314,7,3081
314,8,3082
314,9,3083
314,10,3084
314,11,3084
314,12,3085
314,13,3085
314,14,3085
314,15,3086
314,16,3086
314,17,3087
314,18,3087
315,7,3088
315,8,3089
315,9,3090
315,10,3091
315,11,3091
315,12,3092
315,13,3093
315,14,3094
315,15,3095
315,16,3095
315,17,3096
315,18,3096
316,7,3097
316,8,3098
316,9,3099
316,10,3100
316,11,3100
316,12,3101
316,13,3101
316,14,3101
316,15,3102
316,16,3102
316,17,3101
316,18,3101
317,7,3103
317,8,3104
317,9,3105
317,10,3106
317,11,3106
317,12,3107
317,13,3107
317,14,3107
317,15,3108
317,16,3108
317,17,3107
317,18,3107
318,7,3109
318,8,3110
318,9,3111
318,10,3112
318,11,3112
318,12,3113
318,13,3113
318,14,3113
318,15,3114
318,16,3114
318,17,3113
318,18,3113
319,7,3115
319,8,3116
319,9,3117
319,10,3118
319,11,3118
319,12,3119
319,13,3119
319,14,3119
319,15,3120
319,16,3120
319,17,3121
319,18,3121
320,7,3122
320,8,3123
320,9,3124
320,10,3125
320,11,3125
320,12,3126
320,13,3126
320,14,3126
320,15,3127
320,16,3127
320,17,3126
320,18,3126
321,7,3128
321,8,3129
321,9,3130
321,10,3131
321,11,3131
321,12,3132
321,13,3132
321,14,3132
321,15,3133
321,16,3133
321,17,3132
321,18,3132
322,7,3134
322,8,3135
322,9,3136
322,10,3137
322,11,3137
322,12,3138
322,13,3138
322,14,3138
322,15,3139
322,16,3139
322,17,3138
322,18,3138
323,7,3140
323,8,3141
323,9,3142
323,10,3143
323,11,3143
323,12,3144
323,13,3144
323,14,3144
323,15,3145
323,16,3145
323,17,3144
323,18,3144
324,7,3146
324,8,3147
324,9,3148
324,10,3149
324,11,3149
324,12,3150
324,13,3150
324,14,3150
324,15,3151
324,16,3151
324,17,3150
324,18,3150
325,7,3152
325,8,3153
325,9,3154
325,10,3155
325,11,3155
325,12,3156
325,13,3156
325,14,3156
325,15,3157
325,16,3157
325,17,3156
325,18,3156
326,7,3158
326,8,3159
326,9,3160
326,10,3161
326,11,3161
326,12,3162
326,13,3162
326,14,3162
326,15,3163
326,16,3163
326,17,3162
326,18,3162
327,7,3164
327,8,3165
327,9,3166
327,10,3167
327,11,3167
327,12,3168
327,13,3168
327,14,3168
327,15,3169
327,16,3169
327,17,3170
327,18,3170
328,7,3171
328,8,3172
328,9,3173
328,10,3174
328,11,3174
328,12,3175
328,13,3175
328,14,3175
328,15,3176
328,16,3176
328,17,3175
328,18,3175
329,7,3177
329,8,3178
329,9,3179
329,10,3180
329,11,3180
329,12,3181
329,13,3181
329,14,3181
329,15,3182
329,16,3182
329,17,3181
329,18,3181
330,7,3183
330,8,3184
330,9,3185
330,10,3186
330,11,3186
330,12,3187
330,13,3187
330,14,3187
330,15,3188
330,16,3188
330,17,3189
330,18,3189
331,7,3190
331,8,3191
331,9,3192
331,10,3193
331,11,3193
331,12,3194
331,13,3194
331,14,3194
331,15,3195
331,16,3195
331,17,3194
331,18,3194
332,7,3196
332,8,3197
332,9,3198
332,10,3199
332,11,3199
332,12,3200
332,13,3200
332,14,3200
332,15,3201
332,16,3201
332,17,3202
332,18,3202
333,7,3203
333,8,3204
333,9,3205
333,10,3206
333,11,3206
333,12,3207
333,13,3207
333,14,3208
333,15,3209
333,16,3209
333,17,3210
333,18,3210
334,7,3211
334,8,3212
334,9,3213
334,10,3214
334,11,3214
334,12,3215
334,13,3215
334,14,3216
334,15,3217
334,16,3217
334,17,3216
334,18,3216
335,7,3218
335,8,3219
335,9,3220
335,10,3221
335,11,3221
335,12,3222
335,13,3222
335,14,3222
335,15,3223
335,16,3223
335,17,3224
335,18,3224
336,7,3225
336,8,3226
336,9,3227
336,10,3228
336,11,3228
336,12,3229
336,13,3229
336,14,3229
336,15,3230
336,16,3230
336,17,3231
336,18,3231
337,7,3232
337,8,3233
337,9,3234
337,10,3235
337,11,3235
337,12,3236
337,13,3236
337,14,3236
337,15,3237
337,16,3237
337,17,3236
337,18,3236
338,7,3238
338,8,3239
338,9,3240
338,10,3241
338,11,3241
338,12,3242
338,13,3242
338,14,3242
338,15,3243
338,16,3243
338,17,3242
338,18,3242
339,7,3244
339,8,3245
339,9,3246
339,10,3247
339,11,3247
339,12,3248
339,13,3249
339,14,3250
339,15,3251
339,16,3251
339,17,3250
339,18,3250
340,7,3252
340,8,3253
340,9,3254
340,10,3255
340,11,3255
340,12,3256
340,13,3257
340,14,3258
340,15,3259
340,16,3259
340,17,3258
340,18,3258
341,7,3260
341,8,3261
341,9,3262
341,10,3263
341,11,3263
341,12,3264
341,13,3264
341,14,3264
341,15,3265
341,16,3265
341,17,3264
341,18,3264
342,7,3266
342,8,3267
342,9,3268
342,10,3269
342,11,3269
342,12,3270
342,13,3270
342,14,3270
342,15,3271
342,16,3271
342,17,3270
342,18,3270
343,7,3272
343,8,3273
343,9,3274
343,10,3275
343,11,3275
343,12,3276
343,13,3276
343,14,3276
343,15,3277
343,16,3277
343,17,3276
343,18,3276
344,7,3278
344,8,3279
344,9,3280
344,10,3281
344,11,3281
344,12,3282
344,13,3282
344,14,3282
344,15,3283
344,16,3283
344,17,3282
344,18,3282
345,7,3284
345,8,3285
345,9,3286
345,10,3287
345,11,3287
345,12,3288
345,13,3288
345,14,3288
345,15,3289
345,16,3289
345,17,3288
345,18,3288
346,7,3290
346,8,3291
346,9,3292
346,10,3293
346,11,3293
346,12,3294
346,13,3294
346,14,3294
346,15,3295
346,16,3295
346,17,3294
346,18,3294
347,7,3296
347,8,3297
347,9,3298
347,10,3299
347,11,3299
347,12,3300
347,13,3300
347,14,3300
347,15,3301
347,16,3301
347,17,3300
347,18,3300
348,7,3302
348,8,3303
348,9,3304
348,10,3305
348,11,3305
348,12,3306
348,13,3306
348,14,3306
348,15,3307
348,16,3307
348,17,3306
348,18,3306
349,7,3308
349,8,3309
349,9,3310
349,10,3311
349,11,3311
349,12,3312
349,13,3313
349,14,3314
349,15,3315
349,16,3315
349,17,3314
349,18,3314
350,7,3316
350,8,3317
350,9,3318
350,10,3319
350,11,3319
350,12,3320
350,13,3321
350,14,3322
350,15,3323
350,16,3323
350,17,3322
350,18,3322
351,7,3324
351,8,3325
351,9,3326
351,10,3327
351,11,3327
351,12,3328
351,13,3328
351,14,3328
351,15,3329
351,16,3329
351,17,3328
351,18,3328
352,7,3330
352,8,3331
352,9,3332
352,10,3333
352,11,3333
352,12,3334
352,13,3334
352,14,3334
352,15,3335
352,16,3335
352,17,3336
352,18,3336
353,7,3337
353,8,3338
353,9,3339
353,10,3340
353,11,3340
353,12,3341
353,13,3341
353,14,3341
353,15,3342
353,16,3342
353,17,3341
353,18,3341
354,7,3343
354,8,3344
354,9,3345
354,10,3346
354,11,3346
354,12,3347
354,13,3347
354,14,3347
354,15,3348
354,16,3348
354,17,3347
354,18,3347
355,7,3349
355,8,3350
355,9,3351
355,10,3352
355,11,3352
355,12,3353
355,13,3353
355,14,3354
355,15,3355
355,16,3355
355,17,3354
355,18,3354
356,7,3356
356,8,3357
356,9,3358
356,10,3359
356,11,3359
356,12,3360
356,13,3360
356,14,3361
356,15,3362
356,16,3362
356,17,3363
356,18,3363
357,7,3364
357,8,3365
357,9,3366
357,10,3367
357,11,3367
357,12,3368
357,13,3368
357,14,3369
357,15,3370
357,16,3370
357,17,3369
357,18,3369
358,7,3371
358,8,3372
358,9,3373
358,10,3374
358,11,3374
358,12,3375
358,13,3376
358,14,3377
358,15,3378
358,16,3378
358,17,3377
358,18,3377
359,7,3379
359,8,3380
359,9,3381
359,10,3382
359,11,3382
359,12,3383
359,13,3383
359,14,3384
359,15,3385
359,16,3385
359,17,3384
359,18,3384
360,7,3386
360,8,3387
360,9,3388
360,10,3389
360,11,3389
360,12,3390
360,13,3390
360,14,3390
360,15,3391
360,16,3391
360,17,3390
360,18,3390
361,7,3392
361,8,3393
361,9,3394
361,10,3395
361,11,3395
361,12,3396
361,13,3396
361,14,3397
361,15,3398
361,16,3398
361,17,3399
361,18,3399
362,7,3400
362,8,3401
362,9,3402
362,10,3403
362,11,3403
362,12,3404
362,13,3404
362,14,3405
362,15,3406
362,16,3406
362,17,3405
362,18,3405
363,7,3407
363,8,3408
363,9,3409
363,10,3410
363,11,3410
363,12,3411
363,13,3411
363,14,3411
363,15,3412
363,16,3412
363,17,3411
363,18,3411
364,7,3413
364,8,3414
364,9,3415
364,10,3416
364,11,3416
364,12,3417
364,13,3417
364,14,3417
364,15,3418
364,16,3418
364,17,3417
364,18,3417
365,7,3419
365,8,3420
365,9,3421
365,10,3422
365,11,3422
365,12,3423
365,13,3423
365,14,3423
365,15,3424
365,16,3424
365,17,3423
365,18,3423
366,7,3425
366,8,3426
366,9,3427
366,10,3428
366,11,3428
366,12,3429
366,13,3429
366,14,3429
366,15,3430
366,16,3430
366,17,3429
366,18,3429
367,7,3431
367,8,3432
367,9,3433
367,10,3434
367,11,3434
367,12,3435
367,13,3435
367,14,3435
367,15,3436
367,16,3436
367,17,3435
367,18,3435
368,7,3437
368,8,3438
368,9,3439
368,10,3440
368,11,3440
368,12,3441
368,13,3441
368,14,3441
368,15,3442
368,16,3442
368,17,3441
368,18,3441
369,7,3443
369,8,3444
369,9,3445
369,10,3446
369,11,3446
369,12,3447
369,13,3447
369,14,3447
369,15,3448
369,16,3448
369,17,3447
369,18,3447
370,7,3449
370,8,3450
370,9,3451
370,10,3452
370,11,3452
370,12,3453
370,13,3453
370,14,3453
370,15,3454
370,16,3454
370,17,3453
370,18,3453
371,7,3455
371,8,3456
371,9,3457
371,10,3458
371,11,3458
371,12,3459
371,13,3459
371,14,3459
371,15,3460
371,16,3460
371,17,3459
371,18,3459
372,7,3461
372,8,3462
372,9,3463
372,10,3464
372,11,3464
372,12,3465
372,13,3465
372,14,3465
372,15,3466
372,16,3466
372,17,3465
372,18,3465
373,7,3467
373,8,3468
373,9,3469
373,10,3470
373,11,3470
373,12,3471
373,13,3471
373,14,3471
373,15,3472
373,16,3472
373,17,3471
373,18,3471
374,7,3473
374,8,3474
374,9,3475
374,10,3476
374,11,3476
374,12,3477
374,13,3477
374,14,3477
374,15,3478
374,16,3478
374,17,3477
374,18,3477
375,7,3479
375,8,3480
375,9,3481
375,10,3482
375,11,3482
375,12,3483
375,13,3483
375,14,3483
375,15,3484
375,16,3484
375,17,3485
375,18,3485
376,7,3486
376,8,3487
376,9,3488
376,10,3489
376,11,3489
376,12,3490
376,13,3490
376,14,3490
376,15,3491
376,16,3491
376,17,3492
376,18,3492
377,7,3493
377,8,3494
377,9,3495
377,10,3496
377,11,3496
377,12,3497
377,13,3497
377,14,3497
377,15,3498
377,16,3498
377,17,3497
377,18,3497
378,7,3499
378,8,3500
378,9,3501
378,10,3502
378,11,3502
378,12,3503
378,13,3503
378,14,3503
378,15,3504
378,16,3504
378,17,3503
378,18,3503
379,7,3505
379,8,3506
379,9,3507
379,10,3508
379,11,3508
379,12,3509
379,13,3509
379,14,3509
379,15,3510
379,16,3510
379,17,3509
379,18,3509
380,7,3511
380,8,3512
380,9,3513
380,10,3514
380,11,3514
380,12,3515
380,13,3515
380,14,3515
380,15,3516
380,16,3516
380,17,3515
380,18,3515
381,7,3517
381,8,3518
381,9,3519
381,10,3520
381,11,3520
381,12,3521
381,13,3521
381,14,3521
381,15,3522
381,16,3522
381,17,3521
381,18,3521
382,7,3523
382,8,3524
382,9,3525
382,10,3526
382,11,3526
382,12,3527
382,13,3527
382,14,3527
382,15,3528
382,16,3528
382,17,3527
382,18,3527
383,7,3529
383,8,3530
383,9,3531
383,10,3532
383,11,3532
383,12,3533
383,13,3533
383,14,3533
383,15,3534
383,16,3534
383,17,3535
383,18,3535
384,7,3536
384,8,3537
384,9,3538
384,10,3539
384,11,3539
384,12,3540
384,13,3540
384,14,3540
384,15,3541
384,16,3541
384,17,3540
384,18,3540
385,7,3542
385,8,3543
385,9,3544
385,10,3545
385,11,3545
385,12,3546
385,13,3546
385,14,3546
385,15,3547
385,16,3547
385,17,3546
385,18,3546
386,7,3548
386,8,3549
386,9,3550
386,10,3551
386,11,3552
386,12,3553
386,13,3553
386,14,3553
386,15,3554
386,16,3554
386,17,3553
386,18,3553
387,12,3555
387,13,3556
387,14,3557
387,15,3558
387,16,3558
387,17,3559
387,18,3559
388,12,3560
388,13,3561
388,14,3562
388,15,3563
388,16,3563
388,17,3562
388,18,3562
389,12,3564
389,13,3565
389,14,3566
389,15,3567
389,16,3567
389,17,3568
389,18,3568
390,12,3569
390,13,3570
390,14,3571
390,15,3572
390,16,3572
390,17,3571
390,18,3571
391,12,3573
391,13,3574
391,14,3575
391,15,3576
391,16,3576
391,17,3575
391,18,3575
392,12,3577
392,13,3578
392,14,3579
392,15,3580
392,16,3580
392,17,3579
392,18,3579
393,12,3581
393,13,3582
393,14,3583
393,15,3584
393,16,3584
393,17,3583
393,18,3583
394,12,3585
394,13,3586
394,14,3587
394,15,3588
394,16,3588
394,17,3589
394,18,3589
395,12,3590
395,13,3591
395,14,3592
395,15,3593
395,16,3593
395,17,3592
395,18,3592
396,12,3594
396,13,3595
396,14,3596
396,15,3597
396,16,3597
396,17,3596
396,18,3596
397,12,3598
397,13,3599
397,14,3600
397,15,3601
397,16,3601
397,17,3602
397,18,3602
398,12,3603
398,13,3604
398,14,3605
398,15,3606
398,16,3606
398,17,3605
398,18,3605
399,12,3607
399,13,3608
399,14,3609
399,15,3610
399,16,3610
399,17,3611
399,18,3611
400,12,3612
400,13,3613
400,14,3614
400,15,3615
400,16,3615
400,17,3616
400,18,3616
401,12,3617
401,13,3618
401,14,3619
401,15,3620
401,16,3620
401,17,3619
401,18,3619
402,12,3621
402,13,3622
402,14,3623
402,15,3624
402,16,3624
402,17,3623
402,18,3623
403,12,3625
403,13,3626
403,14,3627
403,15,3628
403,16,3628
403,17,3627
403,18,3627
404,12,3629
404,13,3630
404,14,3631
404,15,3632
404,16,3632
404,17,3631
404,18,3631
405,12,3633
405,13,3634
405,14,3635
405,15,3636
405,16,3636
405,17,3635
405,18,3635
406,12,3637
406,13,3638
406,14,3639
406,15,3640
406,16,3640
406,17,3641
406,18,3641
407,12,3642
407,13,3643
407,14,3644
407,15,3645
407,16,3645
407,17,3644
407,18,3644
408,12,3646
408,13,3647
408,14,3648
408,15,3649
408,16,3649
408,17,3648
408,18,3648
409,12,3650
409,13,3651
409,14,3652
409,15,3653
409,16,3653
409,17,3652
409,18,3652
410,12,3654
410,13,3655
410,14,3656
410,15,3657
410,16,3657
410,17,3656
410,18,3656
411,12,3658
411,13,3659
411,14,3660
411,15,3661
411,16,3661
411,17,3660
411,18,3660
412,12,3662
412,13,3663
412,14,3664
412,15,3665
412,16,3665
412,17,3664
412,18,3664
413,12,3666
413,13,3667
413,14,3668
413,15,3669
413,16,3669
413,17,3668
413,18,3668
414,12,3670
414,13,3671
414,14,3672
414,15,3673
414,16,3673
414,17,3674
414,18,3674
415,12,3675
415,13,3676
415,14,3677
415,15,3678
415,16,3678
415,17,3679
415,18,3679
416,12,3680
416,13,3681
416,14,3682
416,15,3683
416,16,3683
416,17,3682
416,18,3682
417,12,3684
417,13,3685
417,14,3686
417,15,3687
417,16,3687
417,17,3686
417,18,3686
418,12,3688
418,13,3689
418,14,3690
418,15,3691
418,16,3691
418,17,3690
418,18,3690
419,12,3692
419,13,3693
419,14,3694
419,15,3695
419,16,3695
419,17,3694
419,18,3694
420,12,3696
420,13,3697
420,14,3698
420,15,3699
420,16,3699
420,17,3700
420,18,3700
421,12,3701
421,13,3702
421,14,3703
421,15,3704
421,16,3704
421,17,3705
421,18,3705
422,12,3706
422,13,3707
422,14,3708
422,15,3709
422,16,3709
422,17,3708
422,18,3708
423,12,3710
423,13,3711
423,14,3712
423,15,3713
423,16,3713
423,17,3712
423,18,3712
424,12,3714
424,13,3715
424,14,3716
424,15,3717
424,16,3718
424,17,3719
424,18,3719
425,12,3720
425,13,3721
425,14,3722
425,15,3723
425,16,3723
425,17,3724
425,18,3724
426,12,3725
426,13,3726
426,14,3727
426,15,3728
426,16,3728
426,17,3727
426,18,3727
427,12,3729
427,13,3730
427,14,3731
427,15,3732
427,16,3732
427,17,3731
427,18,3731
428,12,3733
428,13,3734
428,14,3735
428,15,3736
428,16,3736
428,17,3735
428,18,3735
429,12,3737
429,13,3738
429,14,3739
429,15,3740
429,16,3740
429,17,3739
429,18,3739
430,12,3741
430,13,3742
430,14,3743
430,15,3744
430,16,3744
430,17,3745
430,18,3745
431,12,3746
431,13,3747
431,14,3748
431,15,3749
431,16,3749
431,17,3750
431,18,3750
432,12,3751
432,13,3752
432,14,3753
432,15,3754
432,16,3754
432,17,3753
432,18,3753
433,12,3755
433,13,3756
433,14,3757
433,15,3758
433,16,3758
433,17,3757
433,18,3757
434,12,3759
434,13,3760
434,14,3761
434,15,3762
434,16,3762
434,17,3761
434,18,3761
435,12,3763
435,13,3764
435,14,3765
435,15,3766
435,16,3766
435,17,3765
435,18,3765
436,12,3767
436,13,3768
436,14,3769
436,15,3770
436,16,3770
436,17,3769
436,18,3769
437,12,3771
437,13,3772
437,14,3773
437,15,3774
437,16,3774
437,17,3773
437,18,3773
438,12,3775
438,13,3776
438,14,3777
438,15,3778
438,16,3778
438,17,3777
438,18,3777
439,12,3779
439,13,3780
439,14,3781
439,15,3782
439,16,3782
439,17,3781
439,18,3781
440,12,3783
440,13,3784
440,14,3785
440,15,3786
440,16,3786
440,17,3787
440,18,3787
441,12,3788
441,13,3789
441,14,3790
441,15,3791
441,16,3791
441,17,3792
441,18,3792
442,12,3793
442,13,3794
442,14,3795
442,15,3796
442,16,3796
442,17,3795
442,18,3795
443,12,3797
443,13,3798
443,14,3799
443,15,3800
443,16,3800
443,17,3799
443,18,3799
444,12,3801
444,13,3802
444,14,3803
444,15,3804
444,16,3804
444,17,3803
444,18,3803
445,12,3805
445,13,3806
445,14,3807
445,15,3808
445,16,3808
445,17,3807
445,18,3807
446,12,3809
446,13,3810
446,14,3811
446,15,3812
446,16,3812
446,17,3811
446,18,3811
447,12,3813
447,13,3814
447,14,3815
447,15,3816
447,16,3816
447,17,3815
447,18,3815
448,12,3817
448,13,3818
448,14,3819
448,15,3820
448,16,3820
448,17,3819
448,18,3819
449,12,3821
449,13,3822
449,14,3823
449,15,3824
449,16,3824
449,17,3823
449,18,3823
450,12,3825
450,13,3826
450,14,3827
450,15,3828
450,16,3828
450,17,3827
450,18,3827
451,12,3829
451,13,3830
451,14,3831
451,15,3832
451,16,3832
451,17,3831
451,18,3831
452,12,3833
452,13,3834
452,14,3835
452,15,3836
452,16,3836
452,17,3835
452,18,3835
453,12,3837
453,13,3838
453,14,3839
453,15,3840
453,16,3841
453,17,3839
453,18,3839
454,12,3842
454,13,3843
454,14,3844
454,15,3845
454,16,3845
454,17,3844
454,18,3844
455,12,3846
455,13,3847
455,14,3848
455,15,3849
455,16,3849
455,17,3848
455,18,3848
456,12,3850
456,13,3851
456,14,3852
456,15,3853
456,16,3853
456,17,3852
456,18,3852
457,12,3854
457,13,3855
457,14,3856
457,15,3857
457,16,3857
457,17,3858
457,18,3858
458,12,3859
458,13,3860
458,14,3861
458,15,3862
458,16,3862
458,17,3863
458,18,3863
459,12,3864
459,13,3865
459,14,3866
459,15,3867
459,16,3867
459,17,3866
459,18,3866
460,12,3868
460,13,3869
460,14,3870
460,15,3871
460,16,3871
460,17,3870
460,18,3870
461,12,3872
461,13,3873
461,14,3874
461,15,3875
461,16,3875
461,17,3874
461,18,3874
462,12,3876
462,13,3876
462,14,3877
462,15,3878
462,16,3878
462,17,3879
462,18,3879
463,12,3880
463,13,3880
463,14,3881
463,15,3882
463,16,3883
463,17,3881
463,18,3881
464,12,3884
464,13,3884
464,14,3885
464,15,3886
464,16,3886
464,17,3885
464,18,3885
465,12,3887
465,13,3887
465,14,3888
465,15,3889
465,16,3890
465,17,3888
465,18,3888
466,12,3891
466,13,3891
466,14,3892
466,15,3893
466,16,3893
466,17,3892
466,18,3892
467,12,3894
467,13,3894
467,14,3895
467,15,3896
467,16,3896
467,17,3895
467,18,3895
468,12,3897
468,13,3897
468,14,3898
468,15,3899
468,16,3899
468,17,3900
468,18,3900
469,12,3901
469,13,3901
469,14,3902
469,15,3903
469,16,3904
469,17,3902
469,18,3902
470,12,3905
470,13,3905
470,14,3906
470,15,3907
470,16,3907
470,17,3906
470,18,3906
471,12,3908
471,13,3908
471,14,3909
471,15,3910
471,16,3910
471,17,3909
471,18,3909
472,12,3911
472,13,3911
472,14,3912
472,15,3913
472,16,3913
472,17,3912
472,18,3912
473,12,3914
473,13,3914
473,14,3915
473,15,3916
473,16,3917
473,17,3915
473,18,3915
474,12,3918
474,13,3918
474,14,3919
474,15,3920
474,16,3920
474,17,3919
474,18,3919
475,12,3921
475,13,3921
475,14,3922
475,15,3923
475,16,3923
475,17,3922
475,18,3922
476,12,3924
476,13,3924
476,14,3925
476,15,3926
476,16,3926
476,17,3925
476,18,3925
477,12,3927
477,13,3927
477,14,3928
477,15,3929
477,16,3929
477,17,3928
477,18,3928
478,12,3930
478,13,3930
478,14,3931
478,15,3932
478,16,3933
478,17,3931
478,18,3931
479,12,3934
479,13,3934
479,14,3935
479,15,3936
479,16,3936
479,17,3935
479,18,3935
480,12,3937
480,13,3938
480,14,3939
480,15,3940
480,16,3940
480,17,3941
480,18,3941
481,12,3942
481,13,3943
481,14,3944
481,15,3945
481,16,3945
481,17,3946
481,18,3946
482,12,3947
482,13,3948
482,14,3949
482,15,3950
482,16,3950
482,17,3951
482,18,3951
483,12,3952
483,13,3953
483,14,3954
483,15,3955
483,16,3955
483,17,3956
483,18,3956
484,12,3957
484,13,3958
484,14,3959
484,15,3960
484,16,3960
484,17,3961
484,18,3961
485,12,3962
485,13,3962
485,14,3963
485,15,3964
485,16,3964
485,17,3963
485,18,3963
486,12,3965
486,13,3965
486,14,3966
486,15,3967
486,16,3967
486,17,3966
486,18,3966
487,12,3968
487,13,3968
487,14,3969
487,15,3970
487,16,3970
487,17,3969
487,18,3969
488,12,3971
488,13,3971
488,14,3972
488,15,3973
488,16,3973
488,17,3972
488,18,3972
489,12,3974
489,13,3974
489,14,3975
489,15,3976
489,16,3976
489,17,3975
489,18,3975
490,12,3977
490,13,3978
490,14,3979
490,15,3980
490,16,3980
490,17,3979
490,18,3979
491,12,3981
491,13,3982
491,14,3983
491,15,3984
491,16,3984
491,17,3983
491,18,3983
492,12,3985
492,13,3986
492,14,3987
492,15,3988
492,16,3988
492,17,3987
492,18,3987
493,12,3989
493,13,3990
493,14,3991
493,15,3992
493,16,3992
493,17,3991
493,18,3991
494,17,3993
494,18,3994
495,17,3995
495,18,3996
496,17,3997
496,18,3998
497,17,3999
497,18,4000
498,17,4001
498,18,4002
499,17,4003
499,18,4004
500,17,4005
500,18,4006
501,17,4007
501,18,4008
502,17,4009
502,18,4010
503,17,4011
503,18,4012
504,17,4013
504,18,4014
505,17,4015
505,18,4016
506,17,4017
506,18,4018
507,17,4019
507,18,4020
508,17,4021
508,18,4022
509,17,4023
509,18,4024
510,17,4025
510,18,4026
511,17,4027
511,18,4028
512,17,4029
512,18,4030
513,17,4031
513,18,4032
514,17,4033
514,18,4034
515,17,4035
515,18,4036
516,17,4037
516,18,4038
517,17,4039
517,18,4040
518,17,4041
518,18,4042
519,17,4043
519,18,4044
520,17,4045
520,18,4046
521,17,4047
521,18,4048
522,17,4049
522,18,4050
523,17,4051
523,18,4052
524,17,4053
524,18,4054
525,17,4055
525,18,4056
526,17,4057
526,18,4058
527,17,4059
527,18,4060
528,17,4061
528,18,4062
529,17,4063
529,18,4064
530,17,4065
530,18,4066
531,17,4067
531,18,4068
532,17,4069
532,18,4070
533,17,4071
533,18,4072
534,17,4073
534,18,4074
535,17,4075
535,18,4076
536,17,4077
536,18,4078
537,17,4079
537,18,4080
538,17,4081
538,18,4082
539,17,4083
539,18,4084
540,17,4085
540,18,4086
541,17,4087
541,18,4088
542,17,4089
542,18,4090
543,17,4091
543,18,4092
544,17,4093
544,18,4094
545,17,4095
545,18,4096
546,17,4097
546,18,4098
547,17,4099
547,18,4100
548,17,4101
548,18,4102
549,17,4103
549,18,4104
550,17,4105
550,18,4106
551,17,4107
551,18,4108
552,17,4109
552,18,4110
553,17,4111
553,18,4112
554,17,4113
554,18,4114
555,17,4115
555,18,4116
556,17,4117
556,18,4118
557,17,4119
557,18,4120
558,17,4121
558,18,4122
559,17,4123
559,18,4124
560,17,4125
560,18,4126
561,17,4127
561,18,4128
562,17,4129
562,18,4130
563,17,4131
563,18,4132
564,17,4133
564,18,4134
565,17,4135
565,18,4136
566,17,4137
566,18,4138
567,17,4139
567,18,4140
568,17,4141
568,18,4142
569,17,4143
569,18,4144
570,17,4145
570,18,4146
571,17,4147
571,18,4148
572,17,4149
572,18,4150
573,17,4151
573,18,4152
574,17,4153
574,18,4154
575,17,4155
575,18,4156
576,17,4157
576,18,4158
577,17,4159
577,18,4160
578,17,4161
578,18,4162
579,17,4163
579,18,4164
580,17,4165
580,18,4166
581,17,4167
581,18,4168
582,17,4169
582,18,4170
583,17,4171
583,18,4172
584,17,4173
584,18,4174
585,17,4175
585,18,4176
586,17,4177
586,18,4178
587,17,4179
587,18,4180
588,17,4181
588,18,4182
589,17,4183
589,18,4184
590,17,4185
590,18,4186
591,17,4187
591,18,4188
592,17,4189
592,18,4190
593,17,4191
593,18,4192
594,17,4193
594,18,4194
595,17,4195
595,18,4196
596,17,4197
596,18,4198
597,17,4199
597,18,4200
598,17,4201
598,18,4202
599,17,4203
599,18,4204
600,17,4205
600,18,4206
601,17,4207
601,18,4208
602,17,4209
602,18,4210
603,17,4211
603,18,4212
604,17,4213
604,18,4214
605,17,4215
605,18,4216
606,17,4217
606,18,4218
607,17,4219
607,18,4220
608,17,4221
608,18,4222
609,17,4223
609,18,4224
610,17,4225
610,18,4226
611,17,4227
611,18,4228
612,17,4229
612,18,4230
613,17,4231
613,18,4232
614,17,4233
614,18,4234
615,17,4235
615,18,4236
616,17,4237
616,18,4238
617,17,4239
617,18,4240
618,17,4241
618,18,4242
619,17,4243
619,18,4244
620,17,4245
620,18,4246
621,17,4247
621,18,4248
622,17,4249
622,18,4250
623,17,4251
623,18,4252
624,17,4253
624,18,4254
625,17,4255
625,18,4256
626,17,4257
626,18,4258
627,17,4259
627,18,4260
628,17,4261
628,18,4262
629,17,4263
629,18,4264
630,17,4265
630,18,4266
631,17,4267
631,18,4268
632,17,4269
632,18,4270
633,17,4271
633,18,4272
634,17,4273
634,18,4274
635,17,4275
635,18,4276
636,17,4277
636,18,4278
637,17,4279
637,18,4280
638,17,4281
638,18,4282
639,17,4283
639,18,4284
640,17,4285
640,18,4286
641,17,4287
641,18,4288
642,17,4289
642,18,4290
643,17,4291
643,18,4292
644,17,4293
644,18,4294
645,17,4295
645,18,4296
646,17,4297
646,18,4298
647,17,4299
647,18,4300
648,17,4301
648,18,4302
649,17,4303
649,18,4304
