pokemon_id,generation_id,level,machines,breed,tutor
1,2,1,1,1,0
1,3,1,1,1,1
1,4,1,1,1,1
1,5,1,1,1,1
2,1,1,1,0,0
2,2,1,1,0,0
2,3,1,1,0,1
2,4,1,1,0,1
2,5,1,1,0,1
3,1,1,1,0,0
3,2,1,1,0,0
3,3,1,1,0,1
3,4,1,1,0,1
3,5,1,1,0,1
4,1,1,1,0,0
4,2,1,1,1,1
4,3,1,1,1,1
4,4,1,1,1,1
4,5,1,1,1,1
5,1,1,1,0,0
5,2,1,1,0,1
5,3,1,1,0,1
5,4,1,1,0,1
5,5,1,1,0,1
6,1,1,1,0,0
6,2,1,1,0,1
6,3,1,1,0,1
6,4,1,1,0,1
6,5,1,1,0,1
7,1,1,1,0,0
7,2,1,1,1,1
7,3,1,1,1,1
7,4,1,1,1,1
7,5,1,1,1,1
8,1,1,1,0,0
8,2,1,1,0,1
8,3,1,1,0,1
8,4,1,1,0,1
8,5,1,1,0,1
9,1,1,1,0,0
9,2,1,1,0,1
9,3,1,1,0,1
9,4,1,1,0,1
9,5,1,1,0,1
10,1,1,0,0,0
10,2,1,0,0,0
10,3,1,0,0,0
10,4,1,0,0,1
10,5,1,0,0,0
11,1,1,0,0,0
11,2,1,0,0,0
11,3,1,0,0,0
11,4,1,0,0,1
11,5,1,0,0,0
12,1,1,1,0,0
12,2,1,1,0,0
12,3,1,1,0,1
12,4,1,1,0,1
12,5,1,1,0,0
13,1,1,0,0,0
13,2,1,0,0,0
13,3,1,0,0,0
13,4,1,0,0,1
13,5,1,0,0,0
14,1,1,0,0,0
14,2,1,0,0,0
14,3,1,0,0,0
14,4,1,0,0,1
14,5,1,0,0,0
15,1,1,1,0,0
15,2,1,1,0,0
15,3,1,1,0,1
15,4,1,1,0,1
15,5,1,1,0,0
16,1,1,1,0,0
16,2,1,1,1,0
16,3,1,1,1,1
16,4,1,1,1,1
16,5,1,1,1,0
17,1,1,1,0,0
17,2,1,1,0,0
17,3,1,1,0,1
17,4,1,1,0,1
17,5,1,1,0,0
18,1,1,1,0,0
18,2,1,1,0,0
18,3,1,1,0,1
18,4,1,1,0,1
18,5,1,1,0,0
19,1,1,1,0,0
19,2,1,1,1,0
19,3,1,1,1,1
19,4,1,1,1,1
19,5,1,1,1,0
20,1,1,1,0,0
20,2,1,1,0,1
20,3,1,1,0,1
20,4,1,1,0,1
20,5,1,1,0,0
21,1,1,1,0,0
21,2,1,1,1,0
21,3,1,1,1,1
21,4,1,1,1,1
21,5,1,1,1,0
22,1,1,1,0,0
22,2,1,1,0,0
22,3,1,1,0,1
22,4,1,1,0,1
22,5,1,1,0,0
23,1,1,1,0,0
23,2,1,1,1,0
23,3,1,1,1,1
23,4,1,1,1,1
23,5,1,1,1,0
24,1,1,1,0,0
24,2,1,1,0,0
24,3,1,1,0,1
24,4,1,1,0,1
24,5,1,1,0,0
25,1,1,1,0,0
25,2,1,1,0,1
25,3,1,1,0,1
25,4,1,1,0,1
25,5,1,1,0,0
26,1,1,1,0,0
26,2,1,1,0,1
26,3,1,1,0,1
26,4,1,1,0,1
26,5,1,1,0,0
27,1,1,1,0,0
27,2,1,1,1,0
27,3,1,1,1,1
27,4,1,1,1,1
27,5,1,1,1,0
28,1,1,1,0,0
28,2,1,1,0,0
28,3,1,1,0,1
28,4,1,1,0,1
28,5,1,1,0,0
29,1,1,1,0,0
29,2,1,1,1,1
29,3,1,1,1,1
29,4,1,1,1,1
29,5,1,1,1,0
30,1,1,1,0,0
30,2,1,1,0,1
30,3,1,1,0,1
30,4,1,1,0,1
30,5,1,1,0,0
31,1,1,1,0,0
31,2,1,1,0,1
31,3,1,1,0,1
31,4,1,1,0,1
31,5,1,1,0,0
32,1,1,1,0,0
32,2,1,1,1,1
32,3,1,1,1,1
32,4,1,1,1,1
32,5,1,1,1,0
33,1,1,1,0,0
33,2,1,1,0,1
33,3,1,1,0,1
33,4,1,1,0,1
33,5,1,1,0,0
34,1,1,1,0,0
34,2,1,1,0,1
34,3,1,1,0,1
34,4,1,1,0,1
34,5,1,1,0,0
35,1,1,1,0,0
35,2,1,1,0,1
35,3,1,1,0,1
35,4,1,1,0,1
35,5,1,1,0,0
36,1,1,1,0,0
36,2,1,1,0,1
36,3,1,1,0,1
36,4,1,1,0,1
36,5,1,1,0,0
37,1,1,1,0,0
37,2,1,1,1,1
37,3,1,1,1,1
37,4,1,1,1,1
37,5,1,1,1,0
38,1,1,1,0,0
38,2,1,1,0,1
38,3,1,1,0,1
38,4,1,1,0,1
38,5,1,1,0,0
39,1,1,1,0,0
39,2,1,1,0,1
39,3,1,1,0,1
39,4,1,1,0,1
39,5,1,1,0,0
40,1,1,1,0,0
40,2,1,1,0,1
40,3,1,1,0,1
40,4,1,1,0,1
40,5,1,1,0,0
41,1,1,1,0,0
41,2,1,1,1,0
41,3,1,1,1,1
41,4,1,1,1,1
41,5,1,1,1,0
42,1,1,1,0,0
42,2,1,1,0,0
42,3,1,1,0,1
42,4,1,1,0,1
42,5,1,1,0,0
43,1,1,1,0,0
43,2,1,1,1,0
43,3,1,1,1,1
43,4,1,1,1,1
43,5,1,1,1,0
44,1,1,1,0,0
44,2,1,1,0,0
44,3,1,1,0,1
44,4,1,1,0,1
44,5,1,1,0,0
45,1,1,1,0,0
45,2,1,1,0,0
45,3,1,1,0,1
45,4,1,1,0,1
45,5,1,1,0,0
46,1,1,1,0,0
46,2,1,1,1,0
46,3,1,1,1,1
46,4,1,1,1,1
46,5,1,1,1,0
47,1,1,1,0,0
47,2,1,1,0,0
47,3,1,1,0,1
47,4,1,1,0,1
47,5,1,1,0,0
48,1,1,1,0,0
48,2,1,1,1,0
48,3,1,1,1,1
48,4,1,1,1,1
48,5,1,1,1,0
49,1,1,1,0,0
49,2,1,1,0,0
49,3,1,1,0,1
49,4,1,1,0,1
49,5,1,1,0,0
50,1,1,1,0,0
50,2,1,1,1,0
50,3,1,1,1,1
50,4,1,1,1,1
50,5,1,1,1,0
51,1,1,1,0,0
51,2,1,1,0,0
51,3,1,1,0,1
51,4,1,1,0,1
51,5,1,1,0,0
52,1,1,1,0,0
52,2,1,1,1,1
52,3,1,1,1,1
52,4,1,1,1,1
52,5,1,1,1,0
53,1,1,1,0,0
53,2,1,1,0,1
53,3,1,1,0,1
53,4,1,1,0,1
53,5,1,1,0,0
54,1,1,1,0,0
54,2,1,1,1,1
54,3,1,1,1,1
54,4,1,1,1,1
54,5,1,1,1,0
55,1,1,1,0,0
55,2,1,1,0,1
55,3,1,1,0,1
55,4,1,1,0,1
55,5,1,1,0,0
56,1,1,1,0,0
56,2,1,1,1,1
56,3,1,1,1,1
56,4,1,1,1,1
56,5,1,1,1,0
57,1,1,1,0,0
57,2,1,1,0,1
57,3,1,1,0,1
57,4,1,1,0,1
57,5,1,1,0,0
58,1,1,1,0,0
58,2,1,1,1,1
58,3,1,1,1,1
58,4,1,1,1,1
58,5,1,1,1,0
59,1,1,1,0,0
59,2,1,1,0,1
59,3,1,1,0,1
59,4,1,1,0,1
59,5,1,1,0,0
60,1,1,1,0,0
60,2,1,1,1,1
60,3,1,1,1,1
60,4,1,1,1,1
60,5,1,1,1,0
61,1,1,1,0,0
61,2,1,1,0,1
61,3,1,1,0,1
61,4,1,1,0,1
61,5,1,1,0,0
62,1,1,1,0,0
62,2,1,1,0,1
62,3,1,1,0,1
62,4,1,1,0,1
62,5,1,1,0,0
63,1,1,1,0,0
63,2,1,1,1,0
63,3,1,1,1,1
63,4,1,1,1,1
63,5,1,1,1,0
64,1,1,1,0,0
64,2,1,1,0,0
64,3,1,1,0,1
64,4,1,1,0,1
64,5,1,1,0,0
65,1,1,1,0,0
65,2,1,1,0,0
65,3,1,1,0,1
65,4,1,1,0,1
65,5,1,1,0,0
66,1,1,1,0,0
66,2,1,1,1,1
66,3,1,1,1,1
66,4,1,1,1,1
66,5,1,1,1,0
67,1,1,1,0,0
67,2,1,1,0,1
67,3,1,1,0,1
67,4,1,1,0,1
67,5,1,1,0,0
68,1,1,1,0,0
68,2,1,1,0,1
68,3,1,1,0,1
68,4,1,1,0,1
68,5,1,1,0,0
69,1,1,1,0,0
69,2,1,1,1,0
69,3,1,1,1,1
69,4,1,1,1,1
69,5,1,1,1,0
70,1,1,1,0,0
70,2,1,1,0,0
70,3,1,1,0,1
70,4,1,1,0,1
70,5,1,1,0,0
71,1,1,1,0,0
71,2,1,1,0,0
71,3,1,1,0,1
71,4,1,1,0,1
71,5,1,1,0,0
72,1,1,1,0,0
72,2,1,1,1,1
72,3,1,1,1,1
72,4,1,1,1,1
72,5,1,1,1,0
73,1,1,1,0,0
73,2,1,1,0,1
73,3,1,1,0,1
73,4,1,1,0,1
73,5,1,1,0,0
74,1,1,1,0,0
74,2,1,1,1,1
74,3,1,1,1,1
74,4,1,1,1,1
74,5,1,1,1,0
75,1,1,1,0,0
75,2,1,1,0,1
75,3,1,1,0,1
75,4,1,1,0,1
75,5,1,1,0,0
76,1,1,1,0,0
76,2,1,1,0,1
76,3,1,1,0,1
76,4,1,1,0,1
76,5,1,1,0,0
77,1,1,1,0,0
77,2,1,1,1,1
77,3,1,1,1,1
77,4,1,1,1,1
77,5,1,1,1,0
78,1,1,1,0,0
78,2,1,1,0,1
78,3,1,1,0,1
78,4,1,1,0,1
78,5,1,1,0,0
79,1,1,1,0,0
79,2,1,1,1,1
79,3,1,1,1,1
79,4,1,1,1,1
79,5,1,1,1,0
80,1,1,1,0,0
80,2,1,1,0,1
80,3,1,1,0,1
80,4,1,1,0,1
80,5,1,1,0,0
81,1,1,1,0,0
81,2,1,1,0,1
81,3,1,1,0,1
81,4,1,1,0,1
81,5,1,1,0,0
82,1,1,1,0,0
82,2,1,1,0,1
82,3,1,1,0,1
82,4,1,1,0,1
82,5,1,1,0,0
83,1,1,1,0,0
83,2,1,1,1,0
83,3,1,1,1,1
83,4,1,1,1,1
83,5,1,1,1,0
84,1,1,1,0,0
84,2,1,1,1,0
84,3,1,1,1,1
84,4,1,1,1,1
84,5,1,1,1,0
85,1,1,1,0,0
85,2,1,1,0,0
85,3,1,1,0,1
85,4,1,1,0,1
85,5,1,1,0,0
86,1,1,1,0,0
86,2,1,1,1,1
86,3,1,1,1,1
86,4,1,1,1,1
86,5,1,1,1,0
87,1,1,1,0,0
87,2,1,1,0,1
87,3,1,1,0,1
87,4,1,1,0,1
87,5,1,1,0,0
88,1,1,1,0,0
88,2,1,1,1,1
88,3,1,1,1,1
88,4,1,1,1,1
88,5,1,1,1,0
89,1,1,1,0,0
89,2,1,1,0,1
89,3,1,1,0,1
89,4,1,1,0,1
89,5,1,1,0,0
90,1,1,1,0,0
90,2,1,1,1,1
90,3,1,1,1,1
90,4,1,1,1,1
90,5,1,1,1,0
91,1,1,1,0,0
91,2,1,1,0,1
91,3,1,1,0,1
91,4,1,1,0,1
91,5,1,1,0,0
92,1,1,1,0,0
92,2,1,1,1,1
92,3,1,1,1,1
92,4,1,1,1,1
92,5,1,1,1,0
93,1,1,1,0,0
93,2,1,1,0,1
93,3,1,1,0,1
93,4,1,1,0,1
93,5,1,1,0,0
94,1,1,1,0,0
94,2,1,1,0,1
94,3,1,1,0,1
94,4,1,1,0,1
94,5,1,1,0,0
95,1,1,1,0,0
95,2,1,1,1,0
95,3,1,1,1,1
95,4,1,1,1,1
95,5,1,1,1,0
96,1,1,1,0,0
96,2,1,1,1,0
96,3,1,1,1,1
96,4,1,1,1,1
96,5,1,1,1,0
97,1,1,1,0,0
97,2,1,1,0,0
97,3,1,1,0,1
97,4,1,1,0,1
97,5,1,1,0,0
98,1,1,1,0,0
98,2,1,1,1,1
98,3,1,1,1,1
98,4,1,1,1,1
98,5,1,1,1,0
99,1,1,1,0,0
99,2,1,1,0,1
99,3,1,1,0,1
99,4,1,1,0,1
99,5,1,1,0,0
100,1,1,1,0,0
100,2,1,1,0,1
100,3,1,1,0,1
100,4,1,1,0,1
100,5,1,1,0,0
101,1,1,1,0,0
101,2,1,1,0,1
101,3,1,1,0,1
101,4,1,1,0,1
101,5,1,1,0,0
102,1,1,1,0,0
102,2,1,1,1,0
102,3,1,1,1,1
102,4,1,1,1,1
102,5,1,1,1,0
103,1,1,1,0,0
103,2,1,1,0,0
103,3,1,1,0,1
103,4,1,1,0,1
103,5,1,1,0,0
104,1,1,1,0,0
104,2,1,1,1,1
104,3,1,1,1,1
104,4,1,1,1,1
104,5,1,1,1,0
105,1,1,1,0,0
105,2,1,1,0,1
105,3,1,1,0,1
105,4,1,1,0,1
105,5,1,1,0,0
106,1,1,1,0,0
106,2,1,1,0,0
106,3,1,1,0,1
106,4,1,1,0,1
106,5,1,1,0,0
107,1,1,1,0,0
107,2,1,1,0,0
107,3,1,1,0,1
107,4,1,1,0,1
107,5,1,1,0,0
108,1,1,1,0,0
108,2,1,1,1,1
108,3,1,1,1,1
108,4,1,1,1,1
108,5,1,1,1,0
109,1,1,1,0,0
109,2,1,1,1,1
109,3,1,1,1,1
109,4,1,1,1,1
109,5,1,1,1,0
110,1,1,1,0,0
110,2,1,1,0,1
110,3,1,1,0,1
110,4,1,1,0,1
110,5,1,1,0,0
111,1,1,1,0,0
111,2,1,1,1,1
111,3,1,1,1,1
111,4,1,1,1,1
111,5,1,1,1,0
112,1,1,1,0,0
112,2,1,1,0,1
112,3,1,1,0,1
112,4,1,1,0,1
112,5,1,1,0,0
113,1,1,1,0,0
113,2,1,1,1,1
113,3,1,1,1,1
113,4,1,1,1,1
113,5,1,1,1,0
114,1,1,1,0,0
114,2,1,1,1,0
114,3,1,1,1,1
114,4,1,1,1,1
114,5,1,1,1,0
115,1,1,1,0,0
115,2,1,1,1,1
115,3,1,1,1,1
115,4,1,1,1,1
115,5,1,1,1,0
116,1,1,1,0,0
116,2,1,1,1,1
116,3,1,1,1,1
116,4,1,1,1,1
116,5,1,1,1,0
117,1,1,1,0,0
117,2,1,1,0,1
117,3,1,1,0,1
117,4,1,1,0,1
117,5,1,1,0,0
118,1,1,1,0,0
118,2,1,1,1,1
118,3,1,1,1,1
118,4,1,1,1,1
118,5,1,1,1,0
119,1,1,1,0,0
119,2,1,1,0,1
119,3,1,1,0,1
119,4,1,1,0,1
119,5,1,1,0,0
120,1,1,1,0,0
120,2,1,1,1,1
120,3,1,1,0,1
120,4,1,1,0,1
120,5,1,1,0,0
121,1,1,1,0,0
121,2,1,1,0,1
121,3,1,1,0,1
121,4,1,1,0,1
121,5,1,1,0,0
122,1,1,1,0,0
122,2,1,1,1,1
122,3,1,1,1,1
122,4,1,1,1,1
122,5,1,1,1,0
123,1,1,1,0,0
123,2,1,1,1,0
123,3,1,1,1,1
123,4,1,1,1,1
123,5,1,1,1,0
124,1,1,1,0,0
124,2,1,1,0,1
124,3,1,1,0,1
124,4,1,1,0,1
124,5,1,1,0,0
125,1,1,1,0,0
125,2,1,1,0,1
125,3,1,1,0,1
125,4,1,1,0,1
125,5,1,1,0,0
126,1,1,1,0,0
126,2,1,1,0,1
126,3,1,1,0,1
126,4,1,1,0,1
126,5,1,1,0,0
127,1,1,1,0,0
127,2,1,1,1,0
127,3,1,1,1,1
127,4,1,1,1,1
127,5,1,1,1,0
128,1,1,1,0,0
128,2,1,1,0,1
128,3,1,1,0,1
128,4,1,1,0,1
128,5,1,1,0,0
129,1,1,0,0,0
129,2,1,0,0,0
129,3,1,0,0,0
129,4,1,0,0,1
129,5,1,0,0,0
130,1,1,1,0,0
130,2,1,1,0,1
130,3,1,1,0,1
130,4,1,1,0,1
130,5,1,1,0,0
131,1,1,1,0,0
131,2,1,1,1,1
131,3,1,1,1,1
131,4,1,1,1,1
131,5,1,1,1,0
132,1,1,0,0,0
132,2,1,0,0,0
132,3,1,0,0,0
132,4,1,0,0,0
132,5,1,0,0,0
133,1,1,1,0,0
133,2,1,1,1,0
133,3,1,1,1,1
133,4,1,1,1,1
133,5,1,1,1,0
134,1,1,1,0,0
134,2,1,1,0,1
134,3,1,1,0,1
134,4,1,1,0,1
134,5,1,1,0,0
135,1,1,1,0,0
135,2,1,1,0,1
135,3,1,1,0,1
135,4,1,1,0,1
135,5,1,1,0,0
136,1,1,1,0,0
136,2,1,1,0,1
136,3,1,1,0,1
136,4,1,1,0,1
136,5,1,1,0,0
137,1,1,1,0,0
137,2,1,1,0,1
137,3,1,1,0,1
137,4,1,1,0,1
137,5,1,1,0,0
138,1,1,1,0,0
138,2,1,1,1,1
138,3,1,1,1,1
138,4,1,1,1,1
138,5,1,1,1,0
139,1,1,1,0,0
139,2,1,1,0,1
139,3,1,1,0,1
139,4,1,1,0,1
139,5,1,1,0,0
140,1,1,1,0,0
140,2,1,1,1,1
140,3,1,1,1,1
140,4,1,1,1,1
140,5,1,1,1,0
141,1,1,1,0,0
141,2,1,1,0,1
141,3,1,1,0,1
141,4,1,1,0,1
141,5,1,1,0,0
142,1,1,1,0,0
142,2,1,1,1,1
142,3,1,1,1,1
142,4,1,1,1,1
142,5,1,1,1,0
143,1,1,1,0,0
143,2,1,1,1,1
143,3,1,1,1,1
143,4,1,1,1,1
143,5,1,1,1,0
144,1,1,1,0,0
144,2,1,1,0,1
144,3,1,1,0,1
144,4,1,1,0,1
144,5,1,1,0,0
145,1,1,1,0,0
145,2,1,1,0,1
145,3,1,1,0,1
145,4,1,1,0,1
145,5,1,1,0,0
146,1,1,1,0,0
146,2,1,1,0,1
146,3,1,1,0,1
146,4,1,1,0,1
146,5,1,1,0,0
147,1,1,1,0,0
147,2,1,1,1,1
147,3,1,1,1,1
147,4,1,1,1,1
147,5,1,1,1,1
148,1,1,1,0,0
148,2,1,1,0,1
148,3,1,1,0,1
148,4,1,1,0,1
148,5,1,1,0,1
149,1,1,1,0,0
149,2,1,1,0,1
149,3,1,1,0,1
149,4,1,1,0,1
149,5,1,1,0,1
150,1,1,1,0,0
150,2,1,1,0,1
150,3,1,1,0,1
150,4,1,1,0,1
150,5,1,1,0,0
151,1,1,1,0,0
151,2,1,1,0,1
151,3,1,1,0,1
151,4,1,1,0,1
151,5,1,1,0,0
152,1,0,0,0,0
152,2,1,1,1,0
152,3,1,1,1,1
152,4,1,1,1,1
152,5,1,1,1,1
153,1,0,0,0,0
153,2,1,1,0,0
153,3,1,1,0,1
153,4,1,1,0,1
153,5,1,1,0,1
154,1,0,0,0,0
154,2,1,1,0,0
154,3,1,1,0,1
154,4,1,1,0,1
154,5,1,1,0,1
155,1,0,0,0,0
155,2,1,1,1,1
155,3,1,1,1,1
155,4,1,1,1,1
155,5,1,1,1,1
156,1,0,0,0,0
156,2,1,1,0,1
156,3,1,1,0,1
156,4,1,1,0,1
156,5,1,1,0,1
157,1,0,0,0,0
157,2,1,1,0,1
157,3,1,1,0,1
157,4,1,1,0,1
157,5,1,1,0,1
158,1,0,0,0,0
158,2,1,1,1,1
158,3,1,1,1,1
158,4,1,1,1,1
158,5,1,1,1,1
159,1,0,0,0,0
159,2,1,1,0,1
159,3,1,1,0,1
159,4,1,1,0,1
159,5,1,1,0,1
160,1,0,0,0,0
160,2,1,1,0,1
160,3,1,1,0,1
160,4,1,1,0,1
160,5,1,1,0,1
161,1,0,0,0,0
161,2,1,1,1,0
161,3,1,1,1,1
161,4,1,1,1,1
161,5,1,1,1,0
162,1,0,0,0,0
162,2,1,1,0,0
162,3,1,1,0,1
162,4,1,1,0,1
162,5,1,1,0,0
163,1,0,0,0,0
163,2,1,1,1,0
163,3,1,1,1,1
163,4,1,1,1,1
163,5,1,1,1,0
164,1,0,0,0,0
164,2,1,1,0,0
164,3,1,1,0,1
164,4,1,1,0,1
164,5,1,1,0,0
165,1,0,0,0,0
165,2,1,1,1,0
165,3,1,1,1,1
165,4,1,1,1,1
165,5,1,1,1,0
166,1,0,0,0,0
166,2,1,1,0,0
166,3,1,1,0,1
166,4,1,1,0,1
166,5,1,1,0,0
167,1,0,0,0,0
167,2,1,1,1,0
167,3,1,1,1,1
167,4,1,1,1,1
167,5,1,1,1,0
168,1,0,0,0,0
168,2,1,1,0,0
168,3,1,1,0,1
168,4,1,1,0,1
168,5,1,1,0,0
169,1,0,0,0,0
169,2,1,1,0,0
169,3,1,1,0,1
169,4,1,1,0,1
169,5,1,1,0,0
170,1,0,0,0,0
170,2,1,1,1,1
170,3,1,1,1,1
170,4,1,1,1,1
170,5,1,1,1,0
171,1,0,0,0,0
171,2,1,1,0,1
171,3,1,1,0,1
171,4,1,1,0,1
171,5,1,1,0,0
172,1,0,0,0,0
172,2,1,1,1,1
172,3,1,1,1,1
172,4,1,1,1,1
172,5,1,1,1,0
173,1,0,0,0,0
173,2,1,1,1,1
173,3,1,1,1,1
173,4,1,1,1,1
173,5,1,1,1,0
174,1,0,0,0,0
174,2,1,1,1,1
174,3,1,1,1,1
174,4,1,1,1,1
174,5,1,1,1,0
175,1,0,0,0,0
175,2,1,1,1,1
175,3,1,1,1,1
175,4,1,1,1,1
175,5,1,1,1,0
176,1,0,0,0,0
176,2,1,1,0,1
176,3,1,1,0,1
176,4,1,1,0,1
176,5,1,1,0,0
177,1,0,0,0,0
177,2,1,1,1,0
177,3,1,1,1,1
177,4,1,1,1,1
177,5,1,1,1,0
178,1,0,0,0,0
178,2,1,1,0,0
178,3,1,1,0,1
178,4,1,1,0,1
178,5,1,1,0,0
179,1,0,0,0,0
179,2,1,1,1,1
179,3,1,1,1,1
179,4,1,1,1,1
179,5,1,1,1,0
180,1,0,0,0,0
180,2,1,1,0,1
180,3,1,1,0,1
180,4,1,1,0,1
180,5,1,1,0,0
181,1,0,0,0,0
181,2,1,1,0,1
181,3,1,1,0,1
181,4,1,1,0,1
181,5,1,1,0,0
182,1,0,0,0,0
182,2,1,1,0,0
182,3,1,1,0,1
182,4,1,1,0,1
182,5,1,1,0,0
183,1,0,0,0,0
183,2,1,1,1,1
183,3,1,1,1,1
183,4,1,1,1,1
183,5,1,1,1,0
184,1,0,0,0,0
184,2,1,1,0,1
184,3,1,1,0,1
184,4,1,1,0,1
184,5,1,1,0,0
185,1,0,0,0,0
185,2,1,1,1,0
185,3,1,1,1,1
185,4,1,1,1,1
185,5,1,1,1,0
186,1,0,0,0,0
186,2,1,1,0,1
186,3,1,1,0,1
186,4,1,1,0,1
186,5,1,1,0,0
187,1,0,0,0,0
187,2,1,1,1,0
187,3,1,1,1,1
187,4,1,1,1,1
187,5,1,1,1,0
188,1,0,0,0,0
188,2,1,1,0,0
188,3,1,1,0,1
188,4,1,1,0,1
188,5,1,1,0,0
189,1,0,0,0,0
189,2,1,1,0,0
189,3,1,1,0,1
189,4,1,1,0,1
189,5,1,1,0,0
190,1,0,0,0,0
190,2,1,1,1,1
190,3,1,1,1,1
190,4,1,1,1,1
190,5,1,1,1,0
191,1,0,0,0,0
191,2,1,1,0,0
191,3,1,1,1,1
191,4,1,1,1,1
191,5,1,1,1,0
192,1,0,0,0,0
192,2,1,1,0,0
192,3,1,1,0,1
192,4,1,1,0,1
192,5,1,1,0,0
193,1,0,0,0,0
193,2,1,1,1,0
193,3,1,1,1,1
193,4,1,1,1,1
193,5,1,1,1,0
194,1,0,0,0,0
194,2,1,1,1,1
194,3,1,1,1,1
194,4,1,1,1,1
194,5,1,1,1,0
195,1,0,0,0,0
195,2,1,1,0,1
195,3,1,1,0,1
195,4,1,1,0,1
195,5,1,1,0,0
196,1,0,0,0,0
196,2,1,1,0,0
196,3,1,1,0,1
196,4,1,1,0,1
196,5,1,1,0,0
197,1,0,0,0,0
197,2,1,1,0,0
197,3,1,1,0,1
197,4,1,1,0,1
197,5,1,1,0,0
198,1,0,0,0,0
198,2,1,1,1,0
198,3,1,1,1,1
198,4,1,1,1,1
198,5,1,1,1,0
199,1,0,0,0,0
199,2,1,1,0,1
199,3,1,1,0,1
199,4,1,1,0,1
199,5,1,1,0,0
200,1,0,0,0,0
200,2,1,1,1,1
200,3,1,1,1,1
200,4,1,1,1,1
200,5,1,1,1,0
201,1,0,0,0,0
201,2,1,0,0,0
201,3,1,0,0,0
201,4,1,0,0,0
201,5,1,0,0,0
202,1,0,0,0,0
202,2,1,0,0,0
202,3,1,0,0,0
202,4,1,0,0,0
202,5,1,0,0,0
203,1,0,0,0,0
203,2,1,1,1,1
203,3,1,1,1,1
203,4,1,1,1,1
203,5,1,1,1,0
204,1,0,0,0,0
204,2,1,1,1,0
204,3,1,1,1,1
204,4,1,1,1,1
204,5,1,1,1,0
205,1,0,0,0,0
205,2,1,1,0,0
205,3,1,1,0,1
205,4,1,1,0,1
205,5,1,1,0,0
206,1,0,0,0,0
206,2,1,1,1,1
206,3,1,1,1,1
206,4,1,1,1,1
206,5,1,1,1,0
207,1,0,0,0,0
207,2,1,1,1,0
207,3,1,1,1,1
207,4,1,1,1,1
207,5,1,1,1,0
208,1,0,0,0,0
208,2,1,1,0,0
208,3,1,1,0,1
208,4,1,1,0,1
208,5,1,1,0,0
209,1,0,0,0,0
209,2,1,1,1,1
209,3,1,1,1,1
209,4,1,1,1,1
209,5,1,1,1,0
210,1,0,0,0,0
210,2,1,1,0,1
210,3,1,1,0,1
210,4,1,1,0,1
210,5,1,1,0,0
211,1,0,0,0,0
211,2,1,1,1,1
211,3,1,1,1,1
211,4,1,1,1,1
211,5,1,1,1,0
212,1,0,0,0,0
212,2,1,1,0,0
212,3,1,1,0,1
212,4,1,1,0,1
212,5,1,1,0,0
213,1,0,0,0,0
213,2,1,1,1,0
213,3,1,1,1,1
213,4,1,1,1,1
213,5,1,1,1,0
214,1,0,0,0,0
214,2,1,1,1,0
214,3,1,1,1,1
214,4,1,1,1,1
214,5,1,1,1,0
215,1,0,0,0,0
215,2,1,1,1,1
215,3,1,1,1,1
215,4,1,1,1,1
215,5,1,1,1,0
216,1,0,0,0,0
216,2,1,1,1,0
216,3,1,1,1,1
216,4,1,1,1,1
216,5,1,1,1,0
217,1,0,0,0,0
217,2,1,1,0,0
217,3,1,1,0,1
217,4,1,1,0,1
217,5,1,1,0,0
218,1,0,0,0,0
218,2,1,1,1,1
218,3,1,1,1,1
218,4,1,1,1,1
218,5,1,1,1,0
219,1,0,0,0,0
219,2,1,1,0,1
219,3,1,1,0,1
219,4,1,1,0,1
219,5,1,1,0,0
220,1,0,0,0,0
220,2,1,1,1,1
220,3,1,1,1,1
220,4,1,1,1,1
220,5,1,1,1,0
221,1,0,0,0,0
221,2,1,1,0,1
221,3,1,1,0,1
221,4,1,1,0,1
221,5,1,1,0,0
222,1,0,0,0,0
222,2,1,1,1,1
222,3,1,1,1,1
222,4,1,1,1,1
222,5,1,1,1,0
223,1,0,0,0,0
223,2,1,1,1,1
223,3,1,1,1,1
223,4,1,1,1,1
223,5,1,1,1,0
224,1,0,0,0,0
224,2,1,1,0,1
224,3,1,1,0,1
224,4,1,1,0,1
224,5,1,1,0,0
225,1,0,0,0,0
225,2,1,1,1,1
225,3,1,1,1,1
225,4,1,1,1,1
225,5,1,1,1,0
226,1,0,0,0,0
226,2,1,1,1,1
226,3,1,1,1,1
226,4,1,1,1,1
226,5,1,1,1,0
227,1,0,0,0,0
227,2,1,1,1,0
227,3,1,1,1,1
227,4,1,1,1,1
227,5,1,1,1,0
228,1,0,0,0,0
228,2,1,1,1,1
228,3,1,1,1,1
228,4,1,1,1,1
228,5,1,1,1,0
229,1,0,0,0,0
229,2,1,1,0,1
229,3,1,1,0,1
229,4,1,1,0,1
229,5,1,1,0,0
230,1,0,0,0,0
230,2,1,1,0,1
230,3,1,1,0,1
230,4,1,1,0,1
230,5,1,1,0,1
231,1,0,0,0,0
231,2,1,1,1,0
231,3,1,1,1,1
231,4,1,1,1,1
231,5,1,1,1,0
232,1,0,0,0,0
232,2,1,1,0,0
232,3,1,1,0,1
232,4,1,1,0,1
232,5,1,1,0,0
233,1,0,0,0,0
233,2,1,1,0,1
233,3,1,1,0,1
233,4,1,1,0,1
233,5,1,1,0,0
234,1,0,0,0,0
234,2,1,1,1,0
234,3,1,1,1,1
234,4,1,1,1,1
234,5,1,1,1,0
235,1,0,0,0,0
235,2,1,0,0,0
235,3,1,0,0,0
235,4,1,0,0,0
235,5,1,0,0,0
236,1,0,0,0,0
236,2,1,1,1,0
236,3,1,1,1,1
236,4,1,1,1,1
236,5,1,1,1,0
237,1,0,0,0,0
237,2,1,1,0,0
237,3,1,1,0,1
237,4,1,1,0,1
237,5,1,1,0,0
238,1,0,0,0,0
238,2,1,1,1,1
238,3,1,1,1,1
238,4,1,1,1,1
238,5,1,1,1,0
239,1,0,0,0,0
239,2,1,1,1,1
239,3,1,1,1,1
239,4,1,1,1,1
239,5,1,1,1,0
240,1,0,0,0,0
240,2,1,1,1,1
240,3,1,1,1,1
240,4,1,1,1,1
240,5,1,1,1,0
241,1,0,0,0,0
241,2,1,1,1,1
241,3,1,1,1,1
241,4,1,1,1,1
241,5,1,1,1,0
242,1,0,0,0,0
242,2,1,1,0,1
242,3,1,1,0,1
242,4,1,1,0,1
242,5,1,1,0,0
243,1,0,0,0,0
243,2,1,1,0,1
243,3,1,1,0,1
243,4,1,1,0,1
243,5,1,1,0,0
244,1,0,0,0,0
244,2,1,1,0,1
244,3,1,1,0,1
244,4,1,1,0,1
244,5,1,1,0,0
245,1,0,0,0,0
245,2,1,1,0,1
245,3,1,1,0,1
245,4,1,1,0,1
245,5,1,1,0,0
246,1,0,0,0,0
246,2,1,1,1,0
246,3,1,1,1,1
246,4,1,1,1,1
246,5,1,1,1,0
247,1,0,0,0,0
247,2,1,1,0,0
247,3,1,1,0,1
247,4,1,1,0,1
247,5,1,1,0,0
248,1,0,0,0,0
248,2,1,1,0,1
248,3,1,1,0,1
248,4,1,1,0,1
248,5,1,1,0,0
249,1,0,0,0,0
249,2,1,1,0,1
249,3,1,1,0,1
249,4,1,1,0,1
249,5,1,1,0,0
250,1,0,0,0,0
250,2,1,1,0,1
250,3,1,1,0,1
250,4,1,1,0,1
250,5,1,1,0,0
251,1,0,0,0,0
251,2,1,1,0,0
251,3,1,1,0,1
251,4,1,1,0,1
251,5,1,1,0,0
252,1,0,0,0,0
252,2,0,0,0,0
252,3,1,1,1,1
252,4,1,1,1,1
252,5,1,1,1,1
253,1,0,0,0,0
253,2,0,0,0,0
253,3,1,1,0,1
253,4,1,1,0,1
253,5,1,1,0,1
254,1,0,0,0,0
254,2,0,0,0,0
254,3,1,1,0,1
254,4,1,1,0,1
254,5,1,1,0,1
255,1,0,0,0,0
255,2,0,0,0,0
255,3,1,1,1,1
255,4,1,1,1,1
255,5,1,1,1,1
256,1,0,0,0,0
256,2,0,0,0,0
256,3,1,1,0,1
256,4,1,1,0,1
256,5,1,1,0,1
257,1,0,0,0,0
257,2,0,0,0,0
257,3,1,1,0,1
257,4,1,1,0,1
257,5,1,1,0,1
258,1,0,0,0,0
258,2,0,0,0,0
258,3,1,1,1,1
258,4,1,1,1,1
258,5,1,1,1,1
259,1,0,0,0,0
259,2,0,0,0,0
259,3,1,1,0,1
259,4,1,1,0,1
259,5,1,1,0,1
260,1,0,0,0,0
260,2,0,0,0,0
260,3,1,1,0,1
260,4,1,1,0,1
260,5,1,1,0,1
261,1,0,0,0,0
261,2,0,0,0,0
261,3,1,1,1,1
261,4,1,1,1,1
261,5,1,1,1,0
262,1,0,0,0,0
262,2,0,0,0,0
262,3,1,1,0,1
262,4,1,1,0,1
262,5,1,1,0,0
263,1,0,0,0,0
263,2,0,0,0,0
263,3,1,1,1,1
263,4,1,1,1,1
263,5,1,1,1,0
264,1,0,0,0,0
264,2,0,0,0,0
264,3,1,1,0,1
264,4,1,1,0,1
264,5,1,1,0,0
265,1,0,0,0,0
265,2,0,0,0,0
265,3,1,0,0,0
265,4,1,0,0,1
265,5,1,0,0,0
266,1,0,0,0,0
266,2,0,0,0,0
266,3,1,0,0,0
266,4,1,0,0,1
266,5,1,0,0,0
267,1,0,0,0,0
267,2,0,0,0,0
267,3,1,1,0,1
267,4,1,1,0,1
267,5,1,1,0,0
268,1,0,0,0,0
268,2,0,0,0,0
268,3,1,0,0,0
268,4,1,0,0,1
268,5,1,0,0,0
269,1,0,0,0,0
269,2,0,0,0,0
269,3,1,1,0,1
269,4,1,1,0,1
269,5,1,1,0,0
270,1,0,0,0,0
270,2,0,0,0,0
270,3,1,1,1,1
270,4,1,1,1,1
270,5,1,1,1,0
271,1,0,0,0,0
271,2,0,0,0,0
271,3,1,1,0,1
271,4,1,1,0,1
271,5,1,1,0,0
272,1,0,0,0,0
272,2,0,0,0,0
272,3,1,1,0,1
272,4,1,1,0,1
272,5,1,1,0,0
273,1,0,0,0,0
273,2,0,0,0,0
273,3,1,1,1,1
273,4,1,1,1,1
273,5,1,1,1,0
274,1,0,0,0,0
274,2,0,0,0,0
274,3,1,1,0,1
274,4,1,1,0,1
274,5,1,1,0,0
275,1,0,0,0,0
275,2,0,0,0,0
275,3,1,1,0,1
275,4,1,1,0,1
275,5,1,1,0,0
276,1,0,0,0,0
276,2,0,0,0,0
276,3,1,1,1,1
276,4,1,1,1,1
276,5,1,1,1,0
277,1,0,0,0,0
277,2,0,0,0,0
277,3,1,1,0,1
277,4,1,1,0,1
277,5,1,1,0,0
278,1,0,0,0,0
278,2,0,0,0,0
278,3,1,1,1,1
278,4,1,1,1,1
278,5,1,1,1,0
279,1,0,0,0,0
279,2,0,0,0,0
279,3,1,1,0,1
279,4,1,1,0,1
279,5,1,1,0,0
280,1,0,0,0,0
280,2,0,0,0,0
280,3,1,1,1,1
280,4,1,1,1,1
280,5,1,1,1,0
281,1,0,0,0,0
281,2,0,0,0,0
281,3,1,1,0,1
281,4,1,1,0,1
281,5,1,1,0,0
282,1,0,0,0,0
282,2,0,0,0,0
282,3,1,1,0,1
282,4,1,1,0,1
282,5,1,1,0,0
283,1,0,0,0,0
283,2,0,0,0,0
283,3,1,1,1,1
283,4,1,1,1,1
283,5,1,1,1,0
284,1,0,0,0,0
284,2,0,0,0,0
284,3,1,1,0,1
284,4,1,1,0,1
284,5,1,1,0,0
285,1,0,0,0,0
285,2,0,0,0,0
285,3,1,1,1,1
285,4,1,1,1,1
285,5,1,1,1,0
286,1,0,0,0,0
286,2,0,0,0,0
286,3,1,1,0,1
286,4,1,1,0,1
286,5,1,1,0,0
287,1,0,0,0,0
287,2,0,0,0,0
287,3,1,1,1,1
287,4,1,1,1,1
287,5,1,1,1,0
288,1,0,0,0,0
288,2,0,0,0,0
288,3,1,1,0,1
288,4,1,1,0,1
288,5,1,1,0,0
289,1,0,0,0,0
289,2,0,0,0,0
289,3,1,1,0,1
289,4,1,1,0,1
289,5,1,1,0,0
290,1,0,0,0,0
290,2,0,0,0,0
290,3,1,1,1,1
290,4,1,1,1,1
290,5,1,1,1,0
291,1,0,0,0,0
291,2,0,0,0,0
291,3,1,1,0,1
291,4,1,1,0,1
291,5,1,1,0,0
292,1,0,0,0,0
292,2,0,0,0,0
292,3,1,1,0,1
292,4,1,1,0,1
292,5,1,1,0,0
293,1,0,0,0,0
293,2,0,0,0,0
293,3,1,1,1,1
293,4,1,1,1,1
293,5,1,1,1,0
294,1,0,0,0,0
294,2,0,0,0,0
294,3,1,1,0,1
294,4,1,1,0,1
294,5,1,1,0,0
295,1,0,0,0,0
295,2,0,0,0,0
295,3,1,1,0,1
295,4,1,1,0,1
295,5,1,1,0,0
296,1,0,0,0,0
296,2,0,0,0,0
296,3,1,1,1,1
296,4,1,1,1,1
296,5,1,1,1,0
297,1,0,0,0,0
297,2,0,0,0,0
297,3,1,1,0,1
297,4,1,1,0,1
297,5,1,1,0,0
298,1,0,0,0,0
298,2,0,0,0,0
298,3,1,1,1,1
298,4,1,1,1,1
298,5,1,1,1,0
299,1,0,0,0,0
299,2,0,0,0,0
299,3,1,1,1,1
299,4,1,1,1,1
299,5,1,1,1,0
300,1,0,0,0,0
300,2,0,0,0,0
300,3,1,1,1,1
300,4,1,1,1,1
300,5,1,1,1,0
301,1,0,0,0,0
301,2,0,0,0,0
301,3,1,1,0,1
301,4,1,1,0,1
301,5,1,1,0,0
302,1,0,0,0,0
302,2,0,0,0,0
302,3,1,1,1,1
302,4,1,1,1,1
302,5,1,1,1,0
303,1,0,0,0,0
303,2,0,0,0,0
303,3,1,1,1,1
303,4,1,1,1,1
303,5,1,1,1,0
304,1,0,0,0,0
304,2,0,0,0,0
304,3,1,1,1,1
304,4,1,1,1,1
304,5,1,1,1,0
305,1,0,0,0,0
305,2,0,0,0,0
305,3,1,1,0,1
305,4,1,1,0,1
305,5,1,1,0,0
306,1,0,0,0,0
306,2,0,0,0,0
306,3,1,1,0,1
306,4,1,1,0,1
306,5,1,1,0,0
307,1,0,0,0,0
307,2,0,0,0,0
307,3,1,1,1,1
307,4,1,1,1,1
307,5,1,1,1,0
308,1,0,0,0,0
308,2,0,0,0,0
308,3,1,1,0,1
308,4,1,1,0,1
308,5,1,1,0,0
309,1,0,0,0,0
309,2,0,0,0,0
309,3,1,1,1,1
309,4,1,1,1,1
309,5,1,1,1,0
310,1,0,0,0,0
310,2,0,0,0,0
310,3,1,1,0,1
310,4,1,1,0,1
310,5,1,1,0,0
311,1,0,0,0,0
311,2,0,0,0,0
311,3,1,1,1,1
311,4,1,1,1,1
311,5,1,1,1,0
312,1,0,0,0,0
312,2,0,0,0,0
312,3,1,1,1,1
312,4,1,1,1,1
312,5,1,1,1,0
313,1,0,0,0,0
313,2,0,0,0,0
313,3,1,1,1,1
313,4,1,1,1,1
313,5,1,1,1,0
314,1,0,0,0,0
314,2,0,0,0,0
314,3,1,1,1,1
314,4,1,1,1,1
314,5,1,1,1,0
315,1,0,0,0,0
315,2,0,0,0,0
315,3,1,1,1,1
315,4,1,1,1,1
315,5,1,1,1,0
316,1,0,0,0,0
316,2,0,0,0,0
316,3,1,1,1,1
316,4,1,1,1,1
316,5,1,1,1,0
317,1,0,0,0,0
317,2,0,0,0,0
317,3,1,1,0,1
317,4,1,1,0,1
317,5,1,1,0,0
318,1,0,0,0,0
318,2,0,0,0,0
318,3,1,1,1,1
318,4,1,1,1,1
318,5,1,1,1,0
319,1,0,0,0,0
319,2,0,0,0,0
319,3,1,1,0,1
319,4,1,1,0,1
319,5,1,1,0,0
320,1,0,0,0,0
320,2,0,0,0,0
320,3,1,1,1,1
320,4,1,1,1,1
320,5,1,1,1,0
321,1,0,0,0,0
321,2,0,0,0,0
321,3,1,1,0,1
321,4,1,1,0,1
321,5,1,1,0,0
322,1,0,0,0,0
322,2,0,0,0,0
322,3,1,1,1,1
322,4,1,1,1,1
322,5,1,1,1,0
323,1,0,0,0,0
323,2,0,0,0,0
323,3,1,1,0,1
323,4,1,1,0,1
323,5,1,1,0,0
324,1,0,0,0,0
324,2,0,0,0,0
324,3,1,1,1,1
324,4,1,1,1,1
324,5,1,1,1,0
325,1,0,0,0,0
325,2,0,0,0,0
325,3,1,1,1,1
325,4,1,1,1,1
325,5,1,1,1,0
326,1,0,0,0,0
326,2,0,0,0,0
326,3,1,1,0,1
326,4,1,1,0,1
326,5,1,1,0,0
327,1,0,0,0,0
327,2,0,0,0,0
327,3,1,1,1,1
327,4,1,1,1,1
327,5,1,1,1,0
328,1,0,0,0,0
328,2,0,0,0,0
328,3,1,1,1,1
328,4,1,1,1,1
328,5,1,1,1,0
329,1,0,0,0,0
329,2,0,0,0,0
329,3,1,1,0,1
329,4,1,1,0,1
329,5,1,1,0,1
330,1,0,0,0,0
330,2,0,0,0,0
330,3,1,1,0,1
330,4,1,1,0,1
330,5,1,1,0,1
331,1,0,0,0,0
331,2,0,0,0,0
331,3,1,1,1,1
331,4,1,1,1,1
331,5,1,1,1,0
332,1,0,0,0,0
332,2,0,0,0,0
332,3,1,1,0,1
332,4,1,1,0,1
332,5,1,1,0,0
333,1,0,0,0,0
333,2,0,0,0,0
333,3,1,1,1,1
333,4,1,1,1,1
333,5,1,1,1,0
334,1,0,0,0,0
334,2,0,0,0,0
334,3,1,1,0,1
334,4,1,1,0,1
334,5,1,1,0,1
335,1,0,0,0,0
335,2,0,0,0,0
335,3,1,1,1,1
335,4,1,1,1,1
335,5,1,1,1,0
336,1,0,0,0,0
336,2,0,0,0,0
336,3,1,1,1,1
336,4,1,1,1,1
336,5,1,1,1,0
337,1,0,0,0,0
337,2,0,0,0,0
337,3,1,1,0,1
337,4,1,1,0,1
337,5,1,1,0,0
338,1,0,0,0,0
338,2,0,0,0,0
338,3,1,1,0,1
338,4,1,1,0,1
338,5,1,1,0,0
339,1,0,0,0,0
339,2,0,0,0,0
339,3,1,1,1,1
339,4,1,1,1,1
339,5,1,1,1,0
340,1,0,0,0,0
340,2,0,0,0,0
340,3,1,1,0,1
340,4,1,1,0,1
340,5,1,1,0,0
341,1,0,0,0,0
341,2,0,0,0,0
341,3,1,1,1,1
341,4,1,1,1,1
341,5,1,1,1,0
342,1,0,0,0,0
342,2,0,0,0,0
342,3,1,1,0,1
342,4,1,1,0,1
342,5,1,1,0,0
343,1,0,0,0,0
343,2,0,0,0,0
343,3,1,1,0,1
343,4,1,1,0,1
343,5,1,1,0,0
344,1,0,0,0,0
344,2,0,0,0,0
344,3,1,1,0,1
344,4,1,1,0,1
344,5,1,1,0,0
345,1,0,0,0,0
345,2,0,0,0,0
345,3,1,1,1,1
345,4,1,1,1,1
345,5,1,1,1,0
346,1,0,0,0,0
346,2,0,0,0,0
346,3,1,1,0,1
346,4,1,1,0,1
346,5,1,1,0,0
347,1,0,0,0,0
347,2,0,0,0,0
347,3,1,1,1,1
347,4,1,1,1,1
347,5,1,1,1,0
348,1,0,0,0,0
348,2,0,0,0,0
348,3,1,1,0,1
348,4,1,1,0,1
348,5,1,1,0,0
349,1,0,0,0,0
349,2,0,0,0,0
349,3,1,1,1,1
349,4,1,1,1,1
349,5,1,1,1,0
350,1,0,0,0,0
350,2,0,0,0,0
350,3,1,1,0,1
350,4,1,1,0,1
350,5,1,1,0,0
351,1,0,0,0,0
351,2,0,0,0,0
351,3,1,1,1,1
351,4,1,1,1,1
351,5,1,1,1,0
352,1,0,0,0,0
352,2,0,0,0,0
352,3,1,1,1,1
352,4,1,1,1,1
352,5,1,1,1,0
353,1,0,0,0,0
353,2,0,0,0,0
353,3,1,1,1,1
353,4,1,1,1,1
353,5,1,1,1,0
354,1,0,0,0,0
354,2,0,0,0,0
354,3,1,1,0,1
354,4,1,1,0,1
354,5,1,1,0,0
355,1,0,0,0,0
355,2,0,0,0,0
355,3,1,1,1,1
355,4,1,1,1,1
355,5,1,1,1,0
356,1,0,0,0,0
356,2,0,0,0,0
356,3,1,1,0,1
356,4,1,1,0,1
356,5,1,1,0,0
357,1,0,0,0,0
357,2,0,0,0,0
357,3,1,1,1,1
357,4,1,1,1,1
357,5,1,1,1,0
358,1,0,0,0,0
358,2,0,0,0,0
358,3,1,1,1,1
358,4,1,1,1,1
358,5,1,1,1,0
359,1,0,0,0,0
359,2,0,0,0,0
359,3,1,1,1,1
359,4,1,1,1,1
359,5,1,1,1,0
360,1,0,0,0,0
360,2,0,0,0,0
360,3,1,0,0,0
360,4,1,0,0,0
360,5,1,0,0,0
361,1,0,0,0,0
361,2,0,0,0,0
361,3,1,1,1,1
361,4,1,1,1,1
361,5,1,1,1,0
362,1,0,0,0,0
362,2,0,0,0,0
362,3,1,1,0,1
362,4,1,1,0,1
362,5,1,1,0,0
363,1,0,0,0,0
363,2,0,0,0,0
363,3,1,1,1,1
363,4,1,1,1,1
363,5,1,1,1,0
364,1,0,0,0,0
364,2,0,0,0,0
364,3,1,1,0,1
364,4,1,1,0,1
364,5,1,1,0,0
365,1,0,0,0,0
365,2,0,0,0,0
365,3,1,1,0,1
365,4,1,1,0,1
365,5,1,1,0,0
366,1,0,0,0,0
366,2,0,0,0,0
366,3,1,1,1,1
366,4,1,1,1,1
366,5,1,1,1,0
367,1,0,0,0,0
367,2,0,0,0,0
367,3,1,1,0,1
367,4,1,1,0,1
367,5,1,1,0,0
368,1,0,0,0,0
368,2,0,0,0,0
368,3,1,1,0,1
368,4,1,1,0,1
368,5,1,1,0,0
369,1,0,0,0,0
369,2,0,0,0,0
369,3,1,1,1,1
369,4,1,1,1,1
369,5,1,1,1,0
370,1,0,0,0,0
370,2,0,0,0,0
370,3,1,1,1,1
370,4,1,1,1,1
370,5,1,1,1,0
371,1,0,0,0,0
371,2,0,0,0,0
371,3,1,1,1,1
371,4,1,1,1,1
371,5,1,1,1,1
372,1,0,0,0,0
372,2,0,0,0,0
372,3,1,1,0,1
372,4,1,1,0,1
372,5,1,1,0,1
373,1,0,0,0,0
373,2,0,0,0,0
373,3,1,1,0,1
373,4,1,1,0,1
373,5,1,1,0,1
374,1,0,0,0,0
374,2,0,0,0,0
374,3,1,0,0,0
374,4,1,0,0,1
374,5,1,0,0,0
375,1,0,0,0,0
375,2,0,0,0,0
375,3,1,1,0,1
375,4,1,1,0,1
375,5,1,1,0,0
376,1,0,0,0,0
376,2,0,0,0,0
376,3,1,1,0,1
376,4,1,1,0,1
376,5,1,1,0,0
377,1,0,0,0,0
377,2,0,0,0,0
377,3,1,1,0,1
377,4,1,1,0,1
377,5,1,1,0,0
378,1,0,0,0,0
378,2,0,0,0,0
378,3,1,1,0,1
378,4,1,1,0,1
378,5,1,1,0,0
379,1,0,0,0,0
379,2,0,0,0,0
379,3,1,1,0,1
379,4,1,1,0,1
379,5,1,1,0,0
380,1,0,0,0,0
380,2,0,0,0,0
380,3,1,1,0,1
380,4,1,1,0,1
380,5,1,1,0,1
381,1,0,0,0,0
381,2,0,0,0,0
381,3,1,1,0,1
381,4,1,1,0,1
381,5,1,1,0,1
382,1,0,0,0,0
382,2,0,0,0,0
382,3,1,1,0,1
382,4,1,1,0,1
382,5,1,1,0,0
383,1,0,0,0,0
383,2,0,0,0,0
383,3,1,1,0,1
383,4,1,1,0,1
383,5,1,1,0,0
384,1,0,0,0,0
384,2,0,0,0,0
384,3,1,1,0,1
384,4,1,1,0,1
384,5,1,1,0,1
385,1,0,0,0,0
385,2,0,0,0,0
385,3,1,1,0,1
385,4,1,1,0,1
385,5,1,1,0,0
386,1,0,0,0,0
386,2,0,0,0,0
386,3,1,1,0,0
386,4,1,1,0,1
386,5,1,1,0,0
387,1,0,0,0,0
387,2,0,0,0,0
387,3,0,0,0,0
387,4,1,1,1,1
387,5,1,1,1,1
388,1,0,0,0,0
388,2,0,0,0,0
388,3,0,0,0,0
388,4,1,1,0,1
388,5,1,1,0,1
389,1,0,0,0,0
389,2,0,0,0,0
389,3,0,0,0,0
389,4,1,1,0,1
389,5,1,1,0,1
390,1,0,0,0,0
390,2,0,0,0,0
390,3,0,0,0,0
390,4,1,1,1,1
390,5,1,1,1,1
391,1,0,0,0,0
391,2,0,0,0,0
391,3,0,0,0,0
391,4,1,1,0,1
391,5,1,1,0,1
392,1,0,0,0,0
392,2,0,0,0,0
392,3,0,0,0,0
392,4,1,1,0,1
392,5,1,1,0,1
393,1,0,0,0,0
393,2,0,0,0,0
393,3,0,0,0,0
393,4,1,1,1,1
393,5,1,1,1,1
394,1,0,0,0,0
394,2,0,0,0,0
394,3,0,0,0,0
394,4,1,1,0,1
394,5,1,1,0,1
395,1,0,0,0,0
395,2,0,0,0,0
395,3,0,0,0,0
395,4,1,1,0,1
395,5,1,1,0,1
396,1,0,0,0,0
396,2,0,0,0,0
396,3,0,0,0,0
396,4,1,1,1,1
396,5,1,1,1,0
397,1,0,0,0,0
397,2,0,0,0,0
397,3,0,0,0,0
397,4,1,1,0,1
397,5,1,1,0,0
398,1,0,0,0,0
398,2,0,0,0,0
398,3,0,0,0,0
398,4,1,1,0,1
398,5,1,1,0,0
399,1,0,0,0,0
399,2,0,0,0,0
399,3,0,0,0,0
399,4,1,1,1,1
399,5,1,1,1,0
400,1,0,0,0,0
400,2,0,0,0,0
400,3,0,0,0,0
400,4,1,1,0,1
400,5,1,1,0,0
401,1,0,0,0,0
401,2,0,0,0,0
401,3,0,0,0,0
401,4,1,0,0,1
401,5,1,0,0,0
402,1,0,0,0,0
402,2,0,0,0,0
402,3,0,0,0,0
402,4,1,1,0,1
402,5,1,1,0,0
403,1,0,0,0,0
403,2,0,0,0,0
403,3,0,0,0,0
403,4,1,1,1,1
403,5,1,1,1,0
404,1,0,0,0,0
404,2,0,0,0,0
404,3,0,0,0,0
404,4,1,1,0,1
404,5,1,1,0,0
405,1,0,0,0,0
405,2,0,0,0,0
405,3,0,0,0,0
405,4,1,1,0,1
405,5,1,1,0,0
406,1,0,0,0,0
406,2,0,0,0,0
406,3,0,0,0,0
406,4,1,1,1,1
406,5,1,1,1,0
407,1,0,0,0,0
407,2,0,0,0,0
407,3,0,0,0,0
407,4,1,1,0,1
407,5,1,1,0,0
408,1,0,0,0,0
408,2,0,0,0,0
408,3,0,0,0,0
408,4,1,1,1,1
408,5,1,1,1,0
409,1,0,0,0,0
409,2,0,0,0,0
409,3,0,0,0,0
409,4,1,1,0,1
409,5,1,1,0,0
410,1,0,0,0,0
410,2,0,0,0,0
410,3,0,0,0,0
410,4,1,1,1,1
410,5,1,1,1,0
411,1,0,0,0,0
411,2,0,0,0,0
411,3,0,0,0,0
411,4,1,1,0,1
411,5,1,1,0,0
412,1,0,0,0,0
412,2,0,0,0,0
412,3,0,0,0,0
412,4,1,0,0,1
412,5,1,0,0,0
413,1,0,0,0,0
413,2,0,0,0,0
413,3,0,0,0,0
413,4,1,1,0,1
413,5,1,1,0,0
414,1,0,0,0,0
414,2,0,0,0,0
414,3,0,0,0,0
414,4,1,1,0,1
414,5,1,1,0,0
415,1,0,0,0,0
415,2,0,0,0,0
415,3,0,0,0,0
415,4,1,0,0,1
415,5,1,0,0,0
416,1,0,0,0,0
416,2,0,0,0,0
416,3,0,0,0,0
416,4,1,1,0,1
416,5,1,1,0,0
417,1,0,0,0,0
417,2,0,0,0,0
417,3,0,0,0,0
417,4,1,1,1,1
417,5,1,1,1,0
418,1,0,0,0,0
418,2,0,0,0,0
418,3,0,0,0,0
418,4,1,1,1,1
418,5,1,1,1,0
419,1,0,0,0,0
419,2,0,0,0,0
419,3,0,0,0,0
419,4,1,1,0,1
419,5,1,1,0,0
420,1,0,0,0,0
420,2,0,0,0,0
420,3,0,0,0,0
420,4,1,1,1,1
420,5,1,1,1,0
421,1,0,0,0,0
421,2,0,0,0,0
421,3,0,0,0,0
421,4,1,1,0,1
421,5,1,1,0,0
422,1,0,0,0,0
422,2,0,0,0,0
422,3,0,0,0,0
422,4,1,1,1,1
422,5,1,1,1,0
423,1,0,0,0,0
423,2,0,0,0,0
423,3,0,0,0,0
423,4,1,1,0,1
423,5,1,1,0,0
424,1,0,0,0,0
424,2,0,0,0,0
424,3,0,0,0,0
424,4,1,1,0,1
424,5,1,1,0,0
425,1,0,0,0,0
425,2,0,0,0,0
425,3,0,0,0,0
425,4,1,1,1,1
425,5,1,1,1,0
426,1,0,0,0,0
426,2,0,0,0,0
426,3,0,0,0,0
426,4,1,1,0,1
426,5,1,1,0,0
427,1,0,0,0,0
427,2,0,0,0,0
427,3,0,0,0,0
427,4,1,1,1,1
427,5,1,1,1,0
428,1,0,0,0,0
428,2,0,0,0,0
428,3,0,0,0,0
428,4,1,1,0,1
428,5,1,1,0,0
429,1,0,0,0,0
429,2,0,0,0,0
429,3,0,0,0,0
429,4,1,1,0,1
429,5,1,1,0,0
430,1,0,0,0,0
430,2,0,0,0,0
430,3,0,0,0,0
430,4,1,1,0,1
430,5,1,1,0,0
431,1,0,0,0,0
431,2,0,0,0,0
431,3,0,0,0,0
431,4,1,1,1,1
431,5,1,1,1,0
432,1,0,0,0,0
432,2,0,0,0,0
432,3,0,0,0,0
432,4,1,1,0,1
432,5,1,1,0,0
433,1,0,0,0,0
433,2,0,0,0,0
433,3,0,0,0,0
433,4,1,1,1,1
433,5,1,1,1,0
434,1,0,0,0,0
434,2,0,0,0,0
434,3,0,0,0,0
434,4,1,1,1,1
434,5,1,1,1,0
435,1,0,0,0,0
435,2,0,0,0,0
435,3,0,0,0,0
435,4,1,1,0,1
435,5,1,1,0,0
436,1,0,0,0,0
436,2,0,0,0,0
436,3,0,0,0,0
436,4,1,1,0,1
436,5,1,1,0,0
437,1,0,0,0,0
437,2,0,0,0,0
437,3,0,0,0,0
437,4,1,1,0,1
437,5,1,1,0,0
438,1,0,0,0,0
438,2,0,0,0,0
438,3,0,0,0,0
438,4,1,1,1,1
438,5,1,1,1,0
439,1,0,0,0,0
439,2,0,0,0,0
439,3,0,0,0,0
439,4,1,1,1,1
439,5,1,1,1,0
440,1,0,0,0,0
440,2,0,0,0,0
440,3,0,0,0,0
440,4,1,1,1,1
440,5,1,1,1,0
441,1,0,0,0,0
441,2,0,0,0,0
441,3,0,0,0,0
441,4,1,1,1,1
441,5,1,1,1,0
442,1,0,0,0,0
442,2,0,0,0,0
442,3,0,0,0,0
442,4,1,1,1,1
442,5,1,1,1,0
443,1,0,0,0,0
443,2,0,0,0,0
443,3,0,0,0,0
443,4,1,1,1,1
443,5,1,1,1,1
444,1,0,0,0,0
444,2,0,0,0,0
444,3,0,0,0,0
444,4,1,1,0,1
444,5,1,1,0,1
445,1,0,0,0,0
445,2,0,0,0,0
445,3,0,0,0,0
445,4,1,1,0,1
445,5,1,1,0,1
446,1,0,0,0,0
446,2,0,0,0,0
446,3,0,0,0,0
446,4,1,1,1,1
446,5,1,1,1,0
447,1,0,0,0,0
447,2,0,0,0,0
447,3,0,0,0,0
447,4,1,1,1,1
447,5,1,1,1,0
448,1,0,0,0,0
448,2,0,0,0,0
448,3,0,0,0,0
448,4,1,1,0,1
448,5,1,1,0,0
449,1,0,0,0,0
449,2,0,0,0,0
449,3,0,0,0,0
449,4,1,1,1,1
449,5,1,1,1,0
450,1,0,0,0,0
450,2,0,0,0,0
450,3,0,0,0,0
450,4,1,1,0,1
450,5,1,1,0,0
451,1,0,0,0,0
451,2,0,0,0,0
451,3,0,0,0,0
451,4,1,1,1,1
451,5,1,1,1,0
452,1,0,0,0,0
452,2,0,0,0,0
452,3,0,0,0,0
452,4,1,1,0,1
452,5,1,1,0,0
453,1,0,0,0,0
453,2,0,0,0,0
453,3,0,0,0,0
453,4,1,1,1,1
453,5,1,1,1,0
454,1,0,0,0,0
454,2,0,0,0,0
454,3,0,0,0,0
454,4,1,1,0,1
454,5,1,1,0,0
455,1,0,0,0,0
455,2,0,0,0,0
455,3,0,0,0,0
455,4,1,1,1,1
455,5,1,1,1,0
456,1,0,0,0,0
456,2,0,0,0,0
456,3,0,0,0,0
456,4,1,1,1,1
456,5,1,1,1,0
457,1,0,0,0,0
457,2,0,0,0,0
457,3,0,0,0,0
457,4,1,1,0,1
457,5,1,1,0,0
458,1,0,0,0,0
458,2,0,0,0,0
458,3,0,0,0,0
458,4,1,1,1,1
458,5,1,1,1,0
459,1,0,0,0,0
459,2,0,0,0,0
459,3,0,0,0,0
459,4,1,1,1,1
459,5,1,1,1,0
460,1,0,0,0,0
460,2,0,0,0,0
460,3,0,0,0,0
460,4,1,1,0,1
460,5,1,1,0,0
461,1,0,0,0,0
461,2,0,0,0,0
461,3,0,0,0,0
461,4,1,1,0,1
461,5,1,1,0,0
462,1,0,0,0,0
462,2,0,0,0,0
462,3,0,0,0,0
462,4,1,1,0,1
462,5,1,1,0,0
463,1,0,0,0,0
463,2,0,0,0,0
463,3,0,0,0,0
463,4,1,1,0,1
463,5,1,1,0,0
464,1,0,0,0,0
464,2,0,0,0,0
464,3,0,0,0,0
464,4,1,1,0,1
464,5,1,1,0,0
465,1,0,0,0,0
465,2,0,0,0,0
465,3,0,0,0,0
465,4,1,1,0,1
465,5,1,1,0,0
466,1,0,0,0,0
466,2,0,0,0,0
466,3,0,0,0,0
466,4,1,1,0,1
466,5,1,1,0,0
467,1,0,0,0,0
467,2,0,0,0,0
467,3,0,0,0,0
467,4,1,1,0,1
467,5,1,1,0,0
468,1,0,0,0,0
468,2,0,0,0,0
468,3,0,0,0,0
468,4,1,1,0,1
468,5,1,1,0,0
469,1,0,0,0,0
469,2,0,0,0,0
469,3,0,0,0,0
469,4,1,1,0,1
469,5,1,1,0,0
470,1,0,0,0,0
470,2,0,0,0,0
470,3,0,0,0,0
470,4,1,1,0,1
470,5,1,1,0,0
471,1,0,0,0,0
471,2,0,0,0,0
471,3,0,0,0,0
471,4,1,1,0,1
471,5,1,1,0,0
472,1,0,0,0,0
472,2,0,0,0,0
472,3,0,0,0,0
472,4,1,1,0,1
472,5,1,1,0,0
473,1,0,0,0,0
473,2,0,0,0,0
473,3,0,0,0,0
473,4,1,1,0,1
473,5,1,1,0,0
474,1,0,0,0,0
474,2,0,0,0,0
474,3,0,0,0,0
474,4,1,1,0,1
474,5,1,1,0,0
475,1,0,0,0,0
475,2,0,0,0,0
475,3,0,0,0,0
475,4,1,1,0,1
475,5,1,1,0,0
476,1,0,0,0,0
476,2,0,0,0,0
476,3,0,0,0,0
476,4,1,1,0,1
476,5,1,1,0,0
477,1,0,0,0,0
477,2,0,0,0,0
477,3,0,0,0,0
477,4,1,1,0,1
477,5,1,1,0,0
478,1,0,0,0,0
478,2,0,0,0,0
478,3,0,0,0,0
478,4,1,1,0,1
478,5,1,1,0,0
479,1,0,0,0,0
479,2,0,0,0,0
479,3,0,0,0,0
479,4,1,1,0,1
479,5,1,1,0,0
480,1,0,0,0,0
480,2,0,0,0,0
480,3,0,0,0,0
480,4,1,1,0,1
480,5,1,1,0,0
481,1,0,0,0,0
481,2,0,0,0,0
481,3,0,0,0,0
481,4,1,1,0,1
481,5,1,1,0,0
482,1,0,0,0,0
482,2,0,0,0,0
482,3,0,0,0,0
482,4,1,1,0,1
482,5,1,1,0,0
483,1,0,0,0,0
483,2,0,0,0,0
483,3,0,0,0,0
483,4,1,1,0,1
483,5,1,1,0,1
484,1,0,0,0,0
484,2,0,0,0,0
484,3,0,0,0,0
484,4,1,1,0,1
484,5,1,1,0,1
485,1,0,0,0,0
485,2,0,0,0,0
485,3,0,0,0,0
485,4,1,1,0,1
485,5,1,1,0,0
486,1,0,0,0,0
486,2,0,0,0,0
486,3,0,0,0,0
486,4,1,1,0,1
486,5,1,1,0,0
487,1,0,0,0,0
487,2,0,0,0,0
487,3,0,0,0,0
487,4,1,1,0,1
487,5,1,1,0,1
488,1,0,0,0,0
488,2,0,0,0,0
488,3,0,0,0,0
488,4,1,1,0,1
488,5,1,1,0,0
489,1,0,0,0,0
489,2,0,0,0,0
489,3,0,0,0,0
489,4,1,1,0,1
489,5,1,1,0,0
490,1,0,0,0,0
490,2,0,0,0,0
490,3,0,0,0,0
490,4,1,1,0,1
490,5,1,1,0,0
491,1,0,0,0,0
491,2,0,0,0,0
491,3,0,0,0,0
491,4,1,1,0,1
491,5,1,1,0,0
492,1,0,0,0,0
492,2,0,0,0,0
492,3,0,0,0,0
492,4,1,1,0,1
492,5,1,1,0,0
493,1,0,0,0,0
493,2,0,0,0,0
493,3,0,0,0,0
493,4,1,1,0,1
493,5,1,1,0,1
494,1,0,0,0,0
494,2,0,0,0,0
494,3,0,0,0,0
494,4,0,0,0,0
494,5,1,1,0,0
495,1,0,0,0,0
495,2,0,0,0,0
495,3,0,0,0,0
495,4,0,0,0,0
495,5,1,1,1,1
496,1,0,0,0,0
496,2,0,0,0,0
496,3,0,0,0,0
496,4,0,0,0,0
496,5,1,1,0,1
497,1,0,0,0,0
497,2,0,0,0,0
497,3,0,0,0,0
497,4,0,0,0,0
497,5,1,1,0,1
498,1,0,0,0,0
498,2,0,0,0,0
498,3,0,0,0,0
498,4,0,0,0,0
498,5,1,1,1,1
499,1,0,0,0,0
499,2,0,0,0,0
499,3,0,0,0,0
499,4,0,0,0,0
499,5,1,1,0,1
500,1,0,0,0,0
500,2,0,0,0,0
500,3,0,0,0,0
500,4,0,0,0,0
500,5,1,1,0,1
501,1,0,0,0,0
501,2,0,0,0,0
501,3,0,0,0,0
501,4,0,0,0,0
501,5,1,1,1,1
502,1,0,0,0,0
502,2,0,0,0,0
502,3,0,0,0,0
502,4,0,0,0,0
502,5,1,1,0,1
503,1,0,0,0,0
503,2,0,0,0,0
503,3,0,0,0,0
503,4,0,0,0,0
503,5,1,1,0,1
504,1,0,0,0,0
504,2,0,0,0,0
504,3,0,0,0,0
504,4,0,0,0,0
504,5,1,1,1,0
505,1,0,0,0,0
505,2,0,0,0,0
505,3,0,0,0,0
505,4,0,0,0,0
505,5,1,1,0,0
506,1,0,0,0,0
506,2,0,0,0,0
506,3,0,0,0,0
506,4,0,0,0,0
506,5,1,1,1,0
507,1,0,0,0,0
507,2,0,0,0,0
507,3,0,0,0,0
507,4,0,0,0,0
507,5,1,1,0,0
508,1,0,0,0,0
508,2,0,0,0,0
508,3,0,0,0,0
508,4,0,0,0,0
508,5,1,1,0,0
509,1,0,0,0,0
509,2,0,0,0,0
509,3,0,0,0,0
509,4,0,0,0,0
509,5,1,1,1,0
510,1,0,0,0,0
510,2,0,0,0,0
510,3,0,0,0,0
510,4,0,0,0,0
510,5,1,1,0,0
511,1,0,0,0,0
511,2,0,0,0,0
511,3,0,0,0,0
511,4,0,0,0,0
511,5,1,1,1,0
512,1,0,0,0,0
512,2,0,0,0,0
512,3,0,0,0,0
512,4,0,0,0,0
512,5,1,1,0,0
513,1,0,0,0,0
513,2,0,0,0,0
513,3,0,0,0,0
513,4,0,0,0,0
513,5,1,1,1,0
514,1,0,0,0,0
514,2,0,0,0,0
514,3,0,0,0,0
514,4,0,0,0,0
514,5,1,1,0,0
515,1,0,0,0,0
515,2,0,0,0,0
515,3,0,0,0,0
515,4,0,0,0,0
515,5,1,1,1,0
516,1,0,0,0,0
516,2,0,0,0,0
516,3,0,0,0,0
516,4,0,0,0,0
516,5,1,1,0,0
517,1,0,0,0,0
517,2,0,0,0,0
517,3,0,0,0,0
517,4,0,0,0,0
517,5,1,1,1,0
518,1,0,0,0,0
518,2,0,0,0,0
518,3,0,0,0,0
518,4,0,0,0,0
518,5,1,1,0,0
519,1,0,0,0,0
519,2,0,0,0,0
519,3,0,0,0,0
519,4,0,0,0,0
519,5,1,1,1,0
520,1,0,0,0,0
520,2,0,0,0,0
520,3,0,0,0,0
520,4,0,0,0,0
520,5,1,1,0,0
521,1,0,0,0,0
521,2,0,0,0,0
521,3,0,0,0,0
521,4,0,0,0,0
521,5,1,1,0,0
522,1,0,0,0,0
522,2,0,0,0,0
522,3,0,0,0,0
522,4,0,0,0,0
522,5,1,1,1,0
523,1,0,0,0,0
523,2,0,0,0,0
523,3,0,0,0,0
523,4,0,0,0,0
523,5,1,1,0,0
524,1,0,0,0,0
524,2,0,0,0,0
524,3,0,0,0,0
524,4,0,0,0,0
524,5,1,1,1,0
525,1,0,0,0,0
525,2,0,0,0,0
525,3,0,0,0,0
525,4,0,0,0,0
525,5,1,1,0,0
526,1,0,0,0,0
526,2,0,0,0,0
526,3,0,0,0,0
526,4,0,0,0,0
526,5,1,1,0,0
527,1,0,0,0,0
527,2,0,0,0,0
527,3,0,0,0,0
527,4,0,0,0,0
527,5,1,1,1,0
528,1,0,0,0,0
528,2,0,0,0,0
528,3,0,0,0,0
528,4,0,0,0,0
528,5,1,1,0,0
529,1,0,0,0,0
529,2,0,0,0,0
529,3,0,0,0,0
529,4,0,0,0,0
529,5,1,1,1,0
530,1,0,0,0,0
530,2,0,0,0,0
530,3,0,0,0,0
530,4,0,0,0,0
530,5,1,1,0,0
531,1,0,0,0,0
531,2,0,0,0,0
531,3,0,0,0,0
531,4,0,0,0,0
531,5,1,1,1,0
532,1,0,0,0,0
532,2,0,0,0,0
532,3,0,0,0,0
532,4,0,0,0,0
532,5,1,1,1,0
533,1,0,0,0,0
533,2,0,0,0,0
533,3,0,0,0,0
533,4,0,0,0,0
533,5,1,1,0,0
534,1,0,0,0,0
534,2,0,0,0,0
534,3,0,0,0,0
534,4,0,0,0,0
534,5,1,1,0,0
535,1,0,0,0,0
535,2,0,0,0,0
535,3,0,0,0,0
535,4,0,0,0,0
535,5,1,1,1,0
536,1,0,0,0,0
536,2,0,0,0,0
536,3,0,0,0,0
536,4,0,0,0,0
536,5,1,1,0,0
537,1,0,0,0,0
537,2,0,0,0,0
537,3,0,0,0,0
537,4,0,0,0,0
537,5,1,1,0,0
538,1,0,0,0,0
538,2,0,0,0,0
538,3,0,0,0,0
538,4,0,0,0,0
538,5,1,1,0,0
539,1,0,0,0,0
539,2,0,0,0,0
539,3,0,0,0,0
539,4,0,0,0,0
539,5,1,1,0,0
540,1,0,0,0,0
540,2,0,0,0,0
540,3,0,0,0,0
540,4,0,0,0,0
540,5,1,1,1,0
541,1,0,0,0,0
541,2,0,0,0,0
541,3,0,0,0,0
541,4,0,0,0,0
541,5,1,1,0,0
542,1,0,0,0,0
542,2,0,0,0,0
542,3,0,0,0,0
542,4,0,0,0,0
542,5,1,1,0,0
543,1,0,0,0,0
543,2,0,0,0,0
543,3,0,0,0,0
543,4,0,0,0,0
543,5,1,1,1,0
544,1,0,0,0,0
544,2,0,0,0,0
544,3,0,0,0,0
544,4,0,0,0,0
544,5,1,1,0,0
545,1,0,0,0,0
545,2,0,0,0,0
545,3,0,0,0,0
545,4,0,0,0,0
545,5,1,1,0,0
546,1,0,0,0,0
546,2,0,0,0,0
546,3,0,0,0,0
546,4,0,0,0,0
546,5,1,1,1,0
547,1,0,0,0,0
547,2,0,0,0,0
547,3,0,0,0,0
547,4,0,0,0,0
547,5,1,1,0,0
548,1,0,0,0,0
548,2,0,0,0,0
548,3,0,0,0,0
548,4,0,0,0,0
548,5,1,1,1,0
549,1,0,0,0,0
549,2,0,0,0,0
549,3,0,0,0,0
549,4,0,0,0,0
549,5,1,1,0,0
550,1,0,0,0,0
550,2,0,0,0,0
550,3,0,0,0,0
550,4,0,0,0,0
550,5,1,1,1,0
551,1,0,0,0,0
551,2,0,0,0,0
551,3,0,0,0,0
551,4,0,0,0,0
551,5,1,1,1,0
552,1,0,0,0,0
552,2,0,0,0,0
552,3,0,0,0,0
552,4,0,0,0,0
552,5,1,1,0,0
553,1,0,0,0,0
553,2,0,0,0,0
553,3,0,0,0,0
553,4,0,0,0,0
553,5,1,1,0,0
554,1,0,0,0,0
554,2,0,0,0,0
554,3,0,0,0,0
554,4,0,0,0,0
554,5,1,1,1,0
555,1,0,0,0,0
555,2,0,0,0,0
555,3,0,0,0,0
555,4,0,0,0,0
555,5,1,1,0,0
556,1,0,0,0,0
556,2,0,0,0,0
556,3,0,0,0,0
556,4,0,0,0,0
556,5,1,1,1,0
557,1,0,0,0,0
557,2,0,0,0,0
557,3,0,0,0,0
557,4,0,0,0,0
557,5,1,1,1,0
558,1,0,0,0,0
558,2,0,0,0,0
558,3,0,0,0,0
558,4,0,0,0,0
558,5,1,1,0,0
559,1,0,0,0,0
559,2,0,0,0,0
559,3,0,0,0,0
559,4,0,0,0,0
559,5,1,1,1,0
560,1,0,0,0,0
560,2,0,0,0,0
560,3,0,0,0,0
560,4,0,0,0,0
560,5,1,1,0,0
561,1,0,0,0,0
561,2,0,0,0,0
561,3,0,0,0,0
561,4,0,0,0,0
561,5,1,1,1,0
562,1,0,0,0,0
562,2,0,0,0,0
562,3,0,0,0,0
562,4,0,0,0,0
562,5,1,1,1,0
563,1,0,0,0,0
563,2,0,0,0,0
563,3,0,0,0,0
563,4,0,0,0,0
563,5,1,1,0,0
564,1,0,0,0,0
564,2,0,0,0,0
564,3,0,0,0,0
564,4,0,0,0,0
564,5,1,1,1,0
565,1,0,0,0,0
565,2,0,0,0,0
565,3,0,0,0,0
565,4,0,0,0,0
565,5,1,1,0,0
566,1,0,0,0,0
566,2,0,0,0,0
566,3,0,0,0,0
566,4,0,0,0,0
566,5,1,1,1,0
567,1,0,0,0,0
567,2,0,0,0,0
567,3,0,0,0,0
567,4,0,0,0,0
567,5,1,1,0,0
568,1,0,0,0,0
568,2,0,0,0,0
568,3,0,0,0,0
568,4,0,0,0,0
568,5,1,1,1,0
569,1,0,0,0,0
569,2,0,0,0,0
569,3,0,0,0,0
569,4,0,0,0,0
569,5,1,1,0,0
570,1,0,0,0,0
570,2,0,0,0,0
570,3,0,0,0,0
570,4,0,0,0,0
570,5,1,1,1,0
571,1,0,0,0,0
571,2,0,0,0,0
571,3,0,0,0,0
571,4,0,0,0,0
571,5,1,1,0,0
572,1,0,0,0,0
572,2,0,0,0,0
572,3,0,0,0,0
572,4,0,0,0,0
572,5,1,1,1,0
573,1,0,0,0,0
573,2,0,0,0,0
573,3,0,0,0,0
573,4,0,0,0,0
573,5,1,1,0,0
574,1,0,0,0,0
574,2,0,0,0,0
574,3,0,0,0,0
574,4,0,0,0,0
574,5,1,1,1,0
575,1,0,0,0,0
575,2,0,0,0,0
575,3,0,0,0,0
575,4,0,0,0,0
575,5,1,1,0,0
576,1,0,0,0,0
576,2,0,0,0,0
576,3,0,0,0,0
576,4,0,0,0,0
576,5,1,1,0,0
577,1,0,0,0,0
577,2,0,0,0,0
577,3,0,0,0,0
577,4,0,0,0,0
577,5,1,1,1,0
578,1,0,0,0,0
578,2,0,0,0,0
578,3,0,0,0,0
578,4,0,0,0,0
578,5,1,1,0,0
579,1,0,0,0,0
579,2,0,0,0,0
579,3,0,0,0,0
579,4,0,0,0,0
579,5,1,1,0,0
580,1,0,0,0,0
580,2,0,0,0,0
580,3,0,0,0,0
580,4,0,0,0,0
580,5,1,1,1,0
581,1,0,0,0,0
581,2,0,0,0,0
581,3,0,0,0,0
581,4,0,0,0,0
581,5,1,1,0,0
582,1,0,0,0,0
582,2,0,0,0,0
582,3,0,0,0,0
582,4,0,0,0,0
582,5,1,1,1,0
583,1,0,0,0,0
583,2,0,0,0,0
583,3,0,0,0,0
583,4,0,0,0,0
583,5,1,1,0,0
584,1,0,0,0,0
584,2,0,0,0,0
584,3,0,0,0,0
584,4,0,0,0,0
584,5,1,1,0,0
585,1,0,0,0,0
585,2,0,0,0,0
585,3,0,0,0,0
585,4,0,0,0,0
585,5,1,1,1,0
586,1,0,0,0,0
586,2,0,0,0,0
586,3,0,0,0,0
586,4,0,0,0,0
586,5,1,1,0,0
587,1,0,0,0,0
587,2,0,0,0,0
587,3,0,0,0,0
587,4,0,0,0,0
587,5,1,1,1,0
588,1,0,0,0,0
588,2,0,0,0,0
588,3,0,0,0,0
588,4,0,0,0,0
588,5,1,1,1,0
589,1,0,0,0,0
589,2,0,0,0,0
589,3,0,0,0,0
589,4,0,0,0,0
589,5,1,1,0,0
590,1,0,0,0,0
590,2,0,0,0,0
590,3,0,0,0,0
590,4,0,0,0,0
590,5,1,1,1,0
591,1,0,0,0,0
591,2,0,0,0,0
591,3,0,0,0,0
591,4,0,0,0,0
591,5,1,1,0,0
592,1,0,0,0,0
592,2,0,0,0,0
592,3,0,0,0,0
592,4,0,0,0,0
592,5,1,1,1,0
593,1,0,0,0,0
593,2,0,0,0,0
593,3,0,0,0,0
593,4,0,0,0,0
593,5,1,1,0,0
594,1,0,0,0,0
594,2,0,0,0,0
594,3,0,0,0,0
594,4,0,0,0,0
594,5,1,1,1,0
595,1,0,0,0,0
595,2,0,0,0,0
595,3,0,0,0,0
595,4,0,0,0,0
595,5,1,1,1,0
596,1,0,0,0,0
596,2,0,0,0,0
596,3,0,0,0,0
596,4,0,0,0,0
596,5,1,1,0,0
597,1,0,0,0,0
597,2,0,0,0,0
597,3,0,0,0,0
597,4,0,0,0,0
597,5,1,1,1,0
598,1,0,0,0,0
598,2,0,0,0,0
598,3,0,0,0,0
598,4,0,0,0,0
598,5,1,1,0,0
599,1,0,0,0,0
599,2,0,0,0,0
599,3,0,0,0,0
599,4,0,0,0,0
599,5,1,1,0,0
600,1,0,0,0,0
600,2,0,0,0,0
600,3,0,0,0,0
600,4,0,0,0,0
600,5,1,1,0,0
601,1,0,0,0,0
601,2,0,0,0,0
601,3,0,0,0,0
601,4,0,0,0,0
601,5,1,1,0,0
602,1,0,0,0,0
602,2,0,0,0,0
602,3,0,0,0,0
602,4,0,0,0,0
602,5,1,0,0,0
603,1,0,0,0,0
603,2,0,0,0,0
603,3,0,0,0,0
603,4,0,0,0,0
603,5,1,1,0,0
604,1,0,0,0,0
604,2,0,0,0,0
604,3,0,0,0,0
604,4,0,0,0,0
604,5,1,1,0,0
605,1,0,0,0,0
605,2,0,0,0,0
605,3,0,0,0,0
605,4,0,0,0,0
605,5,1,1,1,0
606,1,0,0,0,0
606,2,0,0,0,0
606,3,0,0,0,0
606,4,0,0,0,0
606,5,1,1,0,0
607,1,0,0,0,0
607,2,0,0,0,0
607,3,0,0,0,0
607,4,0,0,0,0
607,5,1,1,1,0
608,1,0,0,0,0
608,2,0,0,0,0
608,3,0,0,0,0
608,4,0,0,0,0
608,5,1,1,0,0
609,1,0,0,0,0
609,2,0,0,0,0
609,3,0,0,0,0
609,4,0,0,0,0
609,5,1,1,0,0
610,1,0,0,0,0
610,2,0,0,0,0
610,3,0,0,0,0
610,4,0,0,0,0
610,5,1,1,1,1
611,1,0,0,0,0
611,2,0,0,0,0
611,3,0,0,0,0
611,4,0,0,0,0
611,5,1,1,0,1
612,1,0,0,0,0
612,2,0,0,0,0
612,3,0,0,0,0
612,4,0,0,0,0
612,5,1,1,0,1
613,1,0,0,0,0
613,2,0,0,0,0
613,3,0,0,0,0
613,4,0,0,0,0
613,5,1,1,1,0
614,1,0,0,0,0
614,2,0,0,0,0
614,3,0,0,0,0
614,4,0,0,0,0
614,5,1,1,0,0
615,1,0,0,0,0
615,2,0,0,0,0
615,3,0,0,0,0
615,4,0,0,0,0
615,5,1,1,0,0
616,1,0,0,0,0
616,2,0,0,0,0
616,3,0,0,0,0
616,4,0,0,0,0
616,5,1,1,1,0
617,1,0,0,0,0
617,2,0,0,0,0
617,3,0,0,0,0
617,4,0,0,0,0
617,5,1,1,0,0
618,1,0,0,0,0
618,2,0,0,0,0
618,3,0,0,0,0
618,4,0,0,0,0
618,5,1,1,1,0
619,1,0,0,0,0
619,2,0,0,0,0
619,3,0,0,0,0
619,4,0,0,0,0
619,5,1,1,1,0
620,1,0,0,0,0
620,2,0,0,0,0
620,3,0,0,0,0
620,4,0,0,0,0
620,5,1,1,0,0
621,1,0,0,0,0
621,2,0,0,0,0
621,3,0,0,0,0
621,4,0,0,0,0
621,5,1,1,1,1
622,1,0,0,0,0
622,2,0,0,0,0
622,3,0,0,0,0
622,4,0,0,0,0
622,5,1,1,0,0
623,1,0,0,0,0
623,2,0,0,0,0
623,3,0,0,0,0
623,4,0,0,0,0
623,5,1,1,0,0
624,1,0,0,0,0
624,2,0,0,0,0
624,3,0,0,0,0
624,4,0,0,0,0
624,5,1,1,1,0
625,1,0,0,0,0
625,2,0,0,0,0
625,3,0,0,0,0
625,4,0,0,0,0
625,5,1,1,0,0
626,1,0,0,0,0
626,2,0,0,0,0
626,3,0,0,0,0
626,4,0,0,0,0
626,5,1,1,1,0
627,1,0,0,0,0
627,2,0,0,0,0
627,3,0,0,0,0
627,4,0,0,0,0
627,5,1,1,0,0
628,1,0,0,0,0
628,2,0,0,0,0
628,3,0,0,0,0
628,4,0,0,0,0
628,5,1,1,0,0
629,1,0,0,0,0
629,2,0,0,0,0
629,3,0,0,0,0
629,4,0,0,0,0
629,5,1,1,1,0
630,1,0,0,0,0
630,2,0,0,0,0
630,3,0,0,0,0
630,4,0,0,0,0
630,5,1,1,0,0
631,1,0,0,0,0
631,2,0,0,0,0
631,3,0,0,0,0
631,4,0,0,0,0
631,5,1,1,1,0
632,1,0,0,0,0
632,2,0,0,0,0
632,3,0,0,0,0
632,4,0,0,0,0
632,5,1,1,1,0
633,1,0,0,0,0
633,2,0,0,0,0
633,3,0,0,0,0
633,4,0,0,0,0
633,5,1,1,1,1
634,1,0,0,0,0
634,2,0,0,0,0
634,3,0,0,0,0
634,4,0,0,0,0
634,5,1,1,0,1
635,1,0,0,0,0
635,2,0,0,0,0
635,3,0,0,0,0
635,4,0,0,0,0
635,5,1,1,0,1
636,1,0,0,0,0
636,2,0,0,0,0
636,3,0,0,0,0
636,4,0,0,0,0
636,5,1,1,1,0
637,1,0,0,0,0
637,2,0,0,0,0
637,3,0,0,0,0
637,4,0,0,0,0
637,5,1,1,0,0
638,1,0,0,0,0
638,2,0,0,0,0
638,3,0,0,0,0
638,4,0,0,0,0
638,5,1,1,0,0
639,1,0,0,0,0
639,2,0,0,0,0
639,3,0,0,0,0
639,4,0,0,0,0
639,5,1,1,0,0
640,1,0,0,0,0
640,2,0,0,0,0
640,3,0,0,0,0
640,4,0,0,0,0
640,5,1,1,0,0
641,1,0,0,0,0
641,2,0,0,0,0
641,3,0,0,0,0
641,4,0,0,0,0
641,5,1,1,0,0
642,1,0,0,0,0
642,2,0,0,0,0
642,3,0,0,0,0
642,4,0,0,0,0
642,5,1,1,0,0
643,1,0,0,0,0
643,2,0,0,0,0
643,3,0,0,0,0
643,4,0,0,0,0
643,5,1,1,0,1
644,1,0,0,0,0
644,2,0,0,0,0
644,3,0,0,0,0
644,4,0,0,0,0
644,5,1,1,0,1
645,1,0,0,0,0
645,2,0,0,0,0
645,3,0,0,0,0
645,4,0,0,0,0
645,5,1,1,0,0
646,1,0,0,0,0
646,2,0,0,0,0
646,3,0,0,0,0
646,4,0,0,0,0
646,5,1,1,0,1
647,1,0,0,0,0
647,2,0,0,0,0
647,3,0,0,0,0
647,4,0,0,0,0
647,5,1,1,0,0
648,1,0,0,0,0
648,2,0,0,0,0
648,3,0,0,0,0
648,4,0,0,0,0
648,5,1,1,0,1
649,1,0,0,0,0
649,2,0,0,0,0
649,3,0,0,0,0
649,4,0,0,0,0
649,5,1,1,0,0
10001,1,0,0,0,0
10001,2,0,0,0,0
10001,3,1,1,0,0
10001,4,1,1,0,1
10001,5,1,1,0,0
10002,1,0,0,0,0
10002,2,0,0,0,0
10002,3,1,1,0,0
10002,4,1,1,0,1
10002,5,1,1,0,0
10003,1,0,0,0,0
10003,2,0,0,0,0
10003,3,1,1,0,0
10003,4,1,1,0,1
10003,5,1,1,0,0
10004,1,0,0,0,0
10004,2,0,0,0,0
10004,3,0,0,0,0
10004,4,1,1,0,1
10004,5,1,1,0,0
10005,1,0,0,0,0
10005,2,0,0,0,0
10005,3,0,0,0,0
10005,4,1,1,0,1
10005,5,1,1,0,0
10006,1,0,0,0,0
10006,2,0,0,0,0
10006,3,0,0,0,0
10006,4,1,1,0,1
10006,5,1,1,0,0
10007,1,0,0,0,0
10007,2,0,0,0,0
10007,3,0,0,0,0
10007,4,1,1,0,1
10007,5,1,1,0,1
10008,1,0,0,0,0
10008,2,0,0,0,0
10008,3,0,0,0,0
10008,4,1,1,0,1
10008,5,1,1,0,0
10009,1,0,0,0,0
10009,2,0,0,0,0
10009,3,0,0,0,0
10009,4,1,1,0,1
10009,5,1,1,0,0
10010,1,0,0,0,0
10010,2,0,0,0,0
10010,3,0,0,0,0
10010,4,1,1,0,1
10010,5,1,1,0,0
10011,1,0,0,0,0
10011,2,0,0,0,0
10011,3,0,0,0,0
10011,4,1,1,0,1
10011,5,1,1,0,0
10012,1,0,0,0,0
10012,2,0,0,0,0
10012,3,0,0,0,0
10012,4,1,1,0,1
10012,5,1,1,0,0
10013,1,0,0,0,0
10013,2,0,0,0,0
10013,3,0,0,0,0
10013,4,0,0,0,0
10013,5,1,1,0,0
10014,1,0,0,0,0
10014,2,0,0,0,0
10014,3,0,0,0,0
10014,4,0,0,0,0
10014,5,1,1,0,0
10015,1,0,0,0,0
10015,2,0,0,0,0
10015,3,0,0,0,0
10015,4,0,0,0,0
10015,5,1,1,0,0
10016,1,0,0,0,0
10016,2,0,0,0,0
10016,3,0,0,0,0
10016,4,0,0,0,0
10016,5,1,1,0,0
10017,1,0,0,0,0
10017,2,0,0,0,0
10017,3,0,0,0,0
10017,4,0,0,0,0
10017,5,1,1,0,0
10018,1,0,0,0,0
10018,2,0,0,0,0
10018,3,0,0,0,0
10018,4,0,0,0,0
10018,5,1,1,0,0
1,1,1,1,"",""
